timeTick, whisker1_1, whisker1_2, whisker1_3, whisker2_1, whisker2_2, whisker2_3, prewhisker1_1, prewhisker1_2, prewhisker1_3, prewhisker2_1, prewhisker2_2, prewhisker2_3, stateouterloop
7005, 0.0, 0.0, 0.0, 0, 0, 0, 0, 0, 0, 0, 0, 0, 0
7025, 0.0, 0.0, 0.0, 0.0, 0.0, 0.0, 0.0, 0.0, 0.0, 0.0, 0.0, 0.0, 0.0
7045, 0.0, 0.0, 0.0, 0.0, 0.0, 0.0, 0.0, 0.0, 0.0, 0.0, 0.0, 0.0, 0.0
7065, 0.0, 0.0, 0.0, 0.0, 0.0, 0.0, 0.0, 0.0, 0.0, 0.0, 0.0, 0.0, 0.0
7085, 0.0, 0.0, 0.0, 0.0, 0.0, 0.0, 0.0, 0.0, 0.0, 0.0, 0.0, 0.0, 0.0
7105, 0.0, 0.0, 0.0, 0.0, 0.0, 0.0, 0.0, 0.0, 0.0, 0.0, 0.0, 0.0, 0.0
7125, 0.0, 0.0, 0.0, 0.0, 0.0, 0.0, 0.0, 0.0, 0.0, 0.0, 0.0, 0.0, 0.0
7145, 0.0, 0.0, 0.0, 0.0, 0.0, 0.0, 0.0, 0.0, 0.0, 0.0, 0.0, 0.0, 0.0
7165, 0.0, 0.0, 0.0, 0.0, 0.0, 0.0, 0.0, 0.0, 0.0, 0.0, 0.0, 0.0, 0.0
7185, 0.0, 0.0, 0.0, 0.0, 0.0, 0.0, 0.0, 0.0, 0.0, 0.0, 0.0, 0.0, 0.0
7205, 0.0, 0.0, 0.0, 0.0, 0.0, 0.0, 0.0, 0.0, 0.0, 0.0, 0.0, 0.0, 0.0
7225, 0.0, 0.0, 0.0, 0.0, 0.0, 0.0, 0.0, 0.0, 0.0, 0.0, 0.0, 0.0, 0.0
7245, 0.0, 0.0, 0.0, 0.0, 0.0, 0.0, 0.0, 0.0, 0.0, 0.0, 0.0, 0.0, 0.0
7265, 0.0, 0.0, 0.0, 0.0, 0.0, 0.0, 0.0, 0.0, 0.0, 0.0, 0.0, 0.0, 0.0
7285, 0.0, 0.0, 0.0, 0.0, 0.0, 0.0, 0.0, 0.0, 0.0, 0.0, 0.0, 0.0, 0.0
7305, 0.0, 0.0, 0.0, 0.0, 0.0, 0.0, 0.0, 0.0, 0.0, 0.0, 0.0, 0.0, 0.0
7325, 0.0, 0.0, 0.0, 0.0, 0.0, 0.0, 0.0, 0.0, 0.0, 0.0, 0.0, 0.0, 0.0
7345, 0.0, 0.0, 0.0, 0.0, 0.0, 0.0, 0.0, 0.0, 0.0, 0.0, 0.0, 0.0, 0.0
7365, 0.0, 0.0, 0.0, 0.0, 0.0, 0.0, 0.0, 0.0, 0.0, 0.0, 0.0, 0.0, 0.0
7385, 0.0, 0.0, 0.0, 0.0, 0.0, 0.0, 0.0, 0.0, 0.0, 0.0, 0.0, 0.0, 0.0
7405, 0.0, 0.0, 0.0, 0.0, 0.0, 0.0, 0.0, 0.0, 0.0, 0.0, 0.0, 0.0, 0.0
7425, 0.0, 0.0, 0.0, 0.0, 0.0, 0.0, 0.0, 0.0, 0.0, 0.0, 0.0, 0.0, 0.0
7445, 0.0, 0.0, 0.0, 0.0, 0.0, 0.0, 0.0, 0.0, 0.0, 0.0, 0.0, 0.0, 0.0
7465, 0.0, 0.0, 0.0, 0.0, 0.0, 0.0, 0.0, 0.0, 0.0, 0.0, 0.0, 0.0, 0.0
7485, 0.0, 0.0, 0.0, 0.0, 0.0, 0.0, 0.0, 0.0, 0.0, 0.0, 0.0, 0.0, 0.0
7505, 0.0, 0.0, 0.0, 0.0, 0.0, 0.0, 0.0, 0.0, 0.0, 0.0, 0.0, 0.0, 0.0
7525, 0.0, 0.0, 0.0, 0.0, 0.0, 0.0, 0.0, 0.0, 0.0, 0.0, 0.0, 0.0, 0.0
7545, 0.0, 0.0, 0.0, 0.0, 0.0, 0.0, 0.0, 0.0, 0.0, 0.0, 0.0, 0.0, 0.0
7565, 0.0, 0.0, 0.0, 0.0, 0.0, 0.0, 0.0, 0.0, 0.0, 0.0, 0.0, 0.0, 0.0
7585, 0.0, 0.0, 0.0, 0.0, 0.0, 0.0, 0.0, 0.0, 0.0, 0.0, 0.0, 0.0, 0.0
7605, 0.0, 0.0, 0.0, 0.0, 0.0, 0.0, 0.0, 0.0, 0.0, 0.0, 0.0, 0.0, 0.0
7625, 0.0, 0.0, 0.0, 0.0, 0.0, 0.0, 0.0, 0.0, 0.0, 0.0, 0.0, 0.0, 0.0
7645, 0.0, 0.0, 0.0, 0.0, 0.0, 0.0, 0.0, 0.0, 0.0, 0.0, 0.0, 0.0, 0.0
7665, 0.0, 0.0, 0.0, 0.0, 0.0, 0.0, 0.0, 0.0, 0.0, 0.0, 0.0, 0.0, 0.0
7685, 0.0, 0.0, 0.0, 0.0, 0.0, 0.0, 0.0, 0.0, 0.0, 0.0, 0.0, 0.0, 0.0
7705, 0.0, 0.0, 0.0, 0.0, 0.0, 0.0, 0.0, 0.0, 0.0, 0.0, 0.0, 0.0, 0.0
7725, 0.0, 0.0, 0.0, 0.0, 0.0, 0.0, 0.0, 0.0, 0.0, 0.0, 0.0, 0.0, 0.0
7745, 0.0, 0.0, 0.0, 0.0, 0.0, 0.0, 0.0, 0.0, 0.0, 0.0, 0.0, 0.0, 0.0
7765, 0.0, 0.0, 0.0, 0.0, 0.0, 0.0, 0.0, 0.0, 0.0, 0.0, 0.0, 0.0, 0.0
7785, 0.0, 0.0, 0.0, 0.0, 0.0, 0.0, 0.0, 0.0, 0.0, 0.0, 0.0, 0.0, 0.0
7805, 0.0, 0.0, 0.0, 0.0, 0.0, 0.0, 0.0, 0.0, 0.0, 0.0, 0.0, 0.0, 0.0
7825, 0.0, 0.0, 0.0, 0.0, 0.0, 0.0, 0.0, 0.0, 0.0, 0.0, 0.0, 0.0, 0.0
7845, 0.0, 0.0, 0.0, 0.0, 0.0, 0.0, 0.0, 0.0, 0.0, 0.0, 0.0, 0.0, 0.0
7865, 0.0, 0.0, 0.0, 0.0, 0.0, 0.0, 0.0, 0.0, 0.0, 0.0, 0.0, 0.0, 0.0
7885, 0.0, 0.0, 0.0, 0.0, 0.0, 0.0, 0.0, 0.0, 0.0, 0.0, 0.0, 0.0, 0.0
7905, 0.0, 0.0, 0.0, 0.0, 0.0, 0.0, 0.0, 0.0, 0.0, 0.0, 0.0, 0.0, 0.0
7925, 0.0, 0.0, 0.0, 0.0, 0.0, 0.0, 0.0, 0.0, 0.0, 0.0, 0.0, 0.0, 0.0
7945, 0.0, 0.0, 0.0, 0.0, 0.0, 0.0, 0.0, 0.0, 0.0, 0.0, 0.0, 0.0, 0.0
7965, 0.0, 0.0, 0.0, 0.0, 0.0, 0.0, 0.0, 0.0, 0.0, 0.0, 0.0, 0.0, 0.0
7985, 0.0, 0.0, 0.0, 0.0, 0.0, 0.0, 0.0, 0.0, 0.0, 0.0, 0.0, 0.0, 0.0
8005, 0.0, 0.0, 0.0, 0.0, 0.0, 0.0, 0.0, 0.0, 0.0, 0.0, 0.0, 0.0, 0.0
8025, 0.0, 0.0, 0.0, 0.0, 0.0, 0.0, 0.0, 0.0, 0.0, 0.0, 0.0, 0.0, 0.0
8045, 0.0, 0.0, 0.0, 0.0, 0.0, 0.0, 0.0, 0.0, 0.0, 0.0, 0.0, 0.0, 0.0
8065, 0.0, 0.0, 0.0, 0.0, 0.0, 0.0, 0.0, 0.0, 0.0, 0.0, 0.0, 0.0, 0.0
8085, 0.0, 0.0, 0.0, 0.0, 0.0, 0.0, 0.0, 0.0, 0.0, 0.0, 0.0, 0.0, 0.0
8105, 0.0, 0.0, 0.0, 0.0, 0.0, 0.0, 0.0, 0.0, 0.0, 0.0, 0.0, 0.0, 0.0
8125, 0.0, 0.0, 0.0, 0.0, 0.0, 0.0, 0.0, 0.0, 0.0, 0.0, 0.0, 0.0, 0.0
8145, 0.0, 0.0, 0.0, 0.0, 0.0, 0.0, 0.0, 0.0, 0.0, 0.0, 0.0, 0.0, 0.0
8165, 0.0, 0.0, 0.0, 0.0, 0.0, 0.0, 0.0, 0.0, 0.0, 0.0, 0.0, 0.0, 0.0
8185, 0.0, 0.0, 0.0, 0.0, 0.0, 0.0, 0.0, 0.0, 0.0, 0.0, 0.0, 0.0, 0.0
8205, 0.0, 0.0, 0.0, 0.0, 0.0, 0.0, 0.0, 0.0, 0.0, 0.0, 0.0, 0.0, 0.0
8225, 0.0, 0.0, 0.0, 0.0, 0.0, 0.0, 0.0, 0.0, 0.0, 0.0, 0.0, 0.0, 0.0
8245, 0.0, 0.0, 0.0, 0.0, 0.0, 0.0, 0.0, 0.0, 0.0, 0.0, 0.0, 0.0, 0.0
8265, 0.0, 0.0, 0.0, 0.0, 0.0, 0.0, 0.0, 0.0, 0.0, 0.0, 0.0, 0.0, 0.0
8285, 0.0, 0.0, 0.0, 0.0, 0.0, 0.0, 0.0, 0.0, 0.0, 0.0, 0.0, 0.0, 0.0
8305, 0.0, 0.0, 0.0, 0.0, 0.0, 0.0, 0.0, 0.0, 0.0, 0.0, 0.0, 0.0, 0.0
8325, 0.0, 0.0, 0.0, 0.0, 0.0, 0.0, 0.0, 0.0, 0.0, 0.0, 0.0, 0.0, 0.0
8345, 0.0, 0.0, 0.0, 0.0, 0.0, 0.0, 0.0, 0.0, 0.0, 0.0, 0.0, 0.0, 0.0
8365, 0.0, 0.0, 0.0, 0.0, 0.0, 0.0, 0.0, 0.0, 0.0, 0.0, 0.0, 0.0, 0.0
8385, 0.0, 0.0, 0.0, 0.0, 0.0, 0.0, 0.0, 0.0, 0.0, 0.0, 0.0, 0.0, 0.0
8405, 0.0, 0.0, 0.0, 0.0, 0.0, 0.0, 0.0, 0.0, 0.0, 0.0, 0.0, 0.0, 0.0
8425, 0.0, 0.0, 0.0, 0.0, 0.0, 0.0, 0.0, 0.0, 0.0, 0.0, 0.0, 0.0, 0.0
8445, 0.0, 0.0, 0.0, 0.0, 0.0, 0.0, 0.0, 0.0, 0.0, 0.0, 0.0, 0.0, 0.0
8465, 0.0, 0.0, 0.0, 0.0, 0.0, 0.0, 0.0, 0.0, 0.0, 0.0, 0.0, 0.0, 0.0
8485, 0.0, 0.0, 0.0, 0.0, 0.0, 0.0, 0.0, 0.0, 0.0, 0.0, 0.0, 0.0, 0.0
8505, 0.0, 0.0, 0.0, 0.0, 0.0, 0.0, 0.0, 0.0, 0.0, 0.0, 0.0, 0.0, 0.0
8525, 0.0, 0.0, 0.0, 0.0, 0.0, 0.0, 0.0, 0.0, 0.0, 0.0, 0.0, 0.0, 0.0
8545, 0.0, 0.0, 0.0, 0.0, 0.0, 0.0, 0.0, 0.0, 0.0, 0.0, 0.0, 0.0, 0.0
8565, 0.0, 0.0, 0.0, 0.0, 0.0, 0.0, 0.0, 0.0, 0.0, 0.0, 0.0, 0.0, 0.0
8585, 0.0, 0.0, 0.0, 0.0, 0.0, 0.0, 0.0, 0.0, 0.0, 0.0, 0.0, 0.0, 0.0
8605, 0.0, 0.0, 0.0, 0.0, 0.0, 0.0, 0.0, 0.0, 0.0, 0.0, 0.0, 0.0, 0.0
8625, 0.0, 0.0, 0.0, 0.0, 0.0, 0.0, 0.0, 0.0, 0.0, 0.0, 0.0, 0.0, 0.0
8645, 0.0, 0.0, 0.0, 0.0, 0.0, 0.0, 0.0, 0.0, 0.0, 0.0, 0.0, 0.0, 0.0
8666, 0.0, 0.0, 0.0, 0.0, 0.0, 0.0, 0.0, 0.0, 0.0, 0.0, 0.0, 0.0, 0.0
8686, 0.0, 0.0, 0.0, 0.0, 0.0, 0.0, 0.0, 0.0, 0.0, 0.0, 0.0, 0.0, 0.0
8706, 0.0, 0.0, 0.0, 0.0, 0.0, 0.0, 0.0, 0.0, 0.0, 0.0, 0.0, 0.0, 0.0
8725, 0.0, 0.0, 0.0, 0.0, 0.0, 0.0, 0.0, 0.0, 0.0, 0.0, 0.0, 0.0, 0.0
8745, 0.0, 0.0, 0.0, 0.0, 0.0, 0.0, 0.0, 0.0, 0.0, 0.0, 0.0, 0.0, 0.0
8765, 0.0, 0.0, 0.0, 0.0, 0.0, 0.0, 0.0, 0.0, 0.0, 0.0, 0.0, 0.0, 0.0
8785, 0.0, 0.0, 0.0, 0.0, 0.0, 0.0, 0.0, 0.0, 0.0, 0.0, 0.0, 0.0, 0.0
8805, 0.0, 0.0, 0.0, 0.0, 0.0, 0.0, 0.0, 0.0, 0.0, 0.0, 0.0, 0.0, 0.0
8825, 0.0, 0.0, 0.0, 0.0, 0.0, 0.0, 0.0, 0.0, 0.0, 0.0, 0.0, 0.0, 0.0
8845, 0.0, 0.0, 0.0, 0.0, 0.0, 0.0, 0.0, 0.0, 0.0, 0.0, 0.0, 0.0, 0.0
8865, 0.0, 0.0, 0.0, 0.0, 0.0, 0.0, 0.0, 0.0, 0.0, 0.0, 0.0, 0.0, 0.0
8885, 0.0, 0.0, 0.0, 0.0, 0.0, 0.0, 0.0, 0.0, 0.0, 0.0, 0.0, 0.0, 0.0
8905, 0.0, 0.0, 0.0, 0.0, 0.0, 0.0, 0.0, 0.0, 0.0, 0.0, 0.0, 0.0, 0.0
8925, 0.0, 0.0, 0.0, 0.0, 0.0, 0.0, 0.0, 0.0, 0.0, 0.0, 0.0, 0.0, 0.0
8945, 0.0, 0.0, 0.0, 0.0, 0.0, 0.0, 0.0, 0.0, 0.0, 0.0, 0.0, 0.0, 0.0
8965, 0.0, 0.0, 0.0, 0.0, 0.0, 0.0, 0.0, 0.0, 0.0, 0.0, 0.0, 0.0, 0.0
8985, 0.0, 0.0, 0.0, 0.0, 0.0, 0.0, 0.0, 0.0, 0.0, 0.0, 0.0, 0.0, 0.0
9005, 0.0, 0.0, 0.0, 0.0, 0.0, 0.0, 0.0, 0.0, 0.0, 0.0, 0.0, 0.0, 0.0
9025, 0.0, 0.0, 0.0, 0.0, 0.0, 0.0, 0.0, 0.0, 0.0, 0.0, 0.0, 0.0, 0.0
9045, 0.0, 0.0, 0.0, 0.0, 0.0, 0.0, 0.0, 0.0, 0.0, 0.0, 0.0, 0.0, 0.0
9065, 0.0, 0.0, 0.0, 0.0, 0.0, 0.0, 0.0, 0.0, 0.0, 0.0, 0.0, 0.0, 0.0
9085, 0.0, 0.0, 0.0, 0.0, 0.0, 0.0, 0.0, 0.0, 0.0, 0.0, 0.0, 0.0, 0.0
9105, 0.0, 0.0, 0.0, 0.0, 0.0, 0.0, 0.0, 0.0, 0.0, 0.0, 0.0, 0.0, 0.0
9125, 0.0, 0.0, 0.0, 0.0, 0.0, 0.0, 0.0, 0.0, 0.0, 0.0, 0.0, 0.0, 0.0
9145, 0.0, 0.0, 0.0, 0.0, 0.0, 0.0, 0.0, 0.0, 0.0, 0.0, 0.0, 0.0, 0.0
9165, 0.0, 0.0, 0.0, 0.0, 0.0, 0.0, 0.0, 0.0, 0.0, 0.0, 0.0, 0.0, 0.0
9185, 0.0, 0.0, 0.0, 0.0, 0.0, 0.0, 0.0, 0.0, 0.0, 0.0, 0.0, 0.0, 0.0
9205, 0.0, 0.0, 0.0, 0.0, 0.0, 0.0, 0.0, 0.0, 0.0, 0.0, 0.0, 0.0, 0.0
9225, 0.0, 0.0, 0.0, 0.0, 0.0, 0.0, 0.0, 0.0, 0.0, 0.0, 0.0, 0.0, 0.0
9245, 0.0, 0.0, 0.0, 0.0, 0.0, 0.0, 0.0, 0.0, 0.0, 0.0, 0.0, 0.0, 0.0
9265, 0.0, 0.0, 0.0, 0.0, 0.0, 0.0, 0.0, 0.0, 0.0, 0.0, 0.0, 0.0, 0.0
9285, 0.0, 0.0, 0.0, 0.0, 0.0, 0.0, 0.0, 0.0, 0.0, 0.0, 0.0, 0.0, 0.0
9305, 0.0, 0.0, 0.0, 0.0, 0.0, 0.0, 0.0, 0.0, 0.0, 0.0, 0.0, 0.0, 0.0
9325, 0.0, 0.0, 0.0, 0.0, 0.0, 0.0, 0.0, 0.0, 0.0, 0.0, 0.0, 0.0, 0.0
9345, 0.0, 0.0, 0.0, 0.0, 0.0, 0.0, 0.0, 0.0, 0.0, 0.0, 0.0, 0.0, 0.0
9365, 0.0, 0.0, 0.0, 0.0, 0.0, 0.0, 0.0, 0.0, 0.0, 0.0, 0.0, 0.0, 0.0
9385, 0.0, 0.0, 0.0, 0.0, 0.0, 0.0, 0.0, 0.0, 0.0, 0.0, 0.0, 0.0, 0.0
9405, 0.0, 0.0, 0.0, 0.0, 0.0, 0.0, 0.0, 0.0, 0.0, 0.0, 0.0, 0.0, 0.0
9425, 0.0, 0.0, 0.0, 0.0, 0.0, 0.0, 0.0, 0.0, 0.0, 0.0, 0.0, 0.0, 0.0
9445, 0.0, 0.0, 0.0, 0.0, 0.0, 0.0, 0.0, 0.0, 0.0, 0.0, 0.0, 0.0, 0.0
9465, 0.0, 0.0, 0.0, 0.0, 0.0, 0.0, 0.0, 0.0, 0.0, 0.0, 0.0, 0.0, 0.0
9485, 0.0, 0.0, 0.0, 0.0, 0.0, 0.0, 0.0, 0.0, 0.0, 0.0, 0.0, 0.0, 0.0
9505, 0.0, 0.0, 0.0, 0.0, 0.0, 0.0, 0.0, 0.0, 0.0, 0.0, 0.0, 0.0, 0.0
9525, 0.0, 0.0, 0.0, 0.0, 0.0, 0.0, 0.0, 0.0, 0.0, 0.0, 0.0, 0.0, 0.0
9545, 0.0, 0.0, 0.0, 0.0, 0.0, 0.0, 0.0, 0.0, 0.0, 0.0, 0.0, 0.0, 0.0
9565, 0.0, 0.0, 0.0, 0.0, 0.0, 0.0, 0.0, 0.0, 0.0, 0.0, 0.0, 0.0, 0.0
9585, 0.0, 0.0, 0.0, 0.0, 0.0, 0.0, 0.0, 0.0, 0.0, 0.0, 0.0, 0.0, 0.0
9605, 0.0, 0.0, 0.0, 0.0, 0.0, 0.0, 0.0, 0.0, 0.0, 0.0, 0.0, 0.0, 0.0
9625, 0.0, 0.0, 0.0, 0.0, 0.0, 0.0, 0.0, 0.0, 0.0, 0.0, 0.0, 0.0, 0.0
9645, 0.0, 0.0, 0.0, 0.0, 0.0, 0.0, 0.0, 0.0, 0.0, 0.0, 0.0, 0.0, 0.0
9665, 0.0, 0.0, 0.0, 0.0, 0.0, 0.0, 0.0, 0.0, 0.0, 0.0, 0.0, 0.0, 0.0
9685, 0.0, 0.0, 0.0, 0.0, 0.0, 0.0, 0.0, 0.0, 0.0, 0.0, 0.0, 0.0, 0.0
9705, 0.0, 0.0, 0.0, 0.0, 0.0, 0.0, 0.0, 0.0, 0.0, 0.0, 0.0, 0.0, 0.0
9725, 0.0, 0.0, 0.0, 0.0, 0.0, 0.0, 0.0, 0.0, 0.0, 0.0, 0.0, 0.0, 0.0
9745, 0.0, 0.0, 0.0, 0.0, 0.0, 0.0, 0.0, 0.0, 0.0, 0.0, 0.0, 0.0, 0.0
9765, 0.0, 0.0, 0.0, 0.0, 0.0, 0.0, 0.0, 0.0, 0.0, 0.0, 0.0, 0.0, 0.0
9785, 0.0, 0.0, 0.0, 0.0, 0.0, 0.0, 0.0, 0.0, 0.0, 0.0, 0.0, 0.0, 0.0
9805, 0.0, 0.0, 0.0, 0.0, 0.0, 0.0, 0.0, 0.0, 0.0, 0.0, 0.0, 0.0, 0.0
9825, 0.0, 0.0, 0.0, 0.0, 0.0, 0.0, 0.0, 0.0, 0.0, 0.0, 0.0, 0.0, 0.0
9845, 0.0, 0.0, 0.0, 0.0, 0.0, 0.0, 0.0, 0.0, 0.0, 0.0, 0.0, 0.0, 0.0
9865, 0.0, 0.0, 0.0, 0.0, 0.0, 0.0, 0.0, 0.0, 0.0, 0.0, 0.0, 0.0, 0.0
9885, 0.0, 0.0, 0.0, 0.0, 0.0, 0.0, 0.0, 0.0, 0.0, 0.0, 0.0, 0.0, 0.0
9905, 0.0, 0.0, 0.0, 0.0, 0.0, 0.0, 0.0, 0.0, 0.0, 0.0, 0.0, 0.0, 0.0
9925, 0.0, 0.0, 0.0, 0.0, 0.0, 0.0, 0.0, 0.0, 0.0, 0.0, 0.0, 0.0, 0.0
9945, 0.0, 0.0, 0.0, 0.0, 0.0, 0.0, 0.0, 0.0, 0.0, 0.0, 0.0, 0.0, 0.0
9965, 0.0, 0.0, 0.0, 0.0, 0.0, 0.0, 0.0, 0.0, 0.0, 0.0, 0.0, 0.0, 0.0
9985, 0.0, 0.0, 0.0, 0.0, 0.0, 0.0, 0.0, 0.0, 0.0, 0.0, 0.0, 0.0, 0.0
10005, 0.0, 0.0, 0.0, 0.0, 0.0, 0.0, 0.0, 0.0, 0.0, 0.0, 0.0, 0.0, 1.0
10025, 108947.4140625, 142921.296875, 89797.546875, 0.0, 0.0, 0.0, 0.0, 0.0, 0.0, 0.0, 0.0, 0.0, 1.0
10045, 109006.21875, 142945.109375, 89820.5234375, 106766.7890625, 135397.671875, 90962.578125, 0.0, 0.0, 0.0, 0.0, 0.0, 0.0, 1.0
10065, 109119.0078125, 142997.84375, 89889.1015625, 106870.109375, 135513.65625, 91025.3203125, 0.0, 0.0, 0.0, 0.0, 0.0, 0.0, 1.0
10085, 109209.8046875, 143044.171875, 89949.1484375, 106966.4453125, 135606.40625, 91080.25, 0.0, 0.0, 0.0, 0.0, 0.0, 0.0, 1.0
10105, 109309.84375, 143097.90625, 90020.5234375, 107034.6953125, 135684.328125, 91132.484375, 0.0, 0.0, 0.0, 0.0, 0.0, 0.0, 1.0
10125, 109378.046875, 143133.25, 90091.546875, 107121.234375, 135769.09375, 91169.71875, 0.0, 0.0, 0.0, 0.0, 0.0, 0.0, 1.0
10146, 109449.7578125, 143179.59375, 90132.1484375, 107170.515625, 135813.484375, 91219.5859375, 0.0, 0.0, 0.0, 0.0, 0.0, 0.0, 1.0
10166, 109488.8203125, 143213.625, 90193.4609375, 107214.15625, 135867.671875, 91253.7890625, 0.0, 0.0, 0.0, 0.0, 0.0, 0.0, 1.0
10186, 109538.5546875, 143245.359375, 90234.875, 107253.6015625, 135910.859375, 91284.40625, 0.0, 0.0, 0.0, 0.0, 0.0, 0.0, 1.0
10206, 109581.8984375, 143280.203125, 90280.984375, 107268.3828125, 135952.46875, 91321.671875, 0.0, 0.0, 0.0, 0.0, 0.0, 0.0, 1.0
10225, 109609.59375, 143302.734375, 90329.4609375, 107283.171875, 135987.09375, 91337.3671875, 0.0, 0.0, 0.0, 0.0, 0.0, 0.0, 1.0
10245, 109641.6015625, 143335.78125, 90365.8203125, 107295.84375, 136026.4375, 91366.46875, 0.0, 0.0, 0.0, 0.0, 0.0, 0.0, 1.0
10265, 109687.8203125, 143357.0, 90393.5859375, 107306.4140625, 136047.59375, 91373.5546875, 0.0, 0.0, 0.0, 0.0, 0.0, 0.0, 1.0
10285, 109715.5625, 143370.328125, 90405.3203125, 107340.2265625, 136071.390625, 91393.6171875, 0.0, 0.0, 0.0, 0.0, 0.0, 0.0, 1.0
10305, 109759.625, 143401.5625, 90429.1875, 107374.0546875, 136099.375, 91411.28125, 0.0, 0.0, 0.0, 0.0, 0.0, 0.0, 1.0
10325, 109792.375, 143415.390625, 90437.0078125, 107413.5234375, 136123.859375, 91432.546875, 0.0, 0.0, 0.0, 0.0, 0.0, 0.0, 1.0
10345, 109830.8046875, 143437.921875, 90452.2734375, 107444.5390625, 136146.078125, 91445.09375, 0.0, 0.0, 0.0, 0.0, 0.0, 0.0, 1.0
10365, 109862.8046875, 143451.734375, 90464.7890625, 107490.359375, 136161.46875, 91464.71875, 0.0, 0.0, 0.0, 0.0, 0.0, 0.0, 1.0
10385, 109887.015625, 143464.5625, 90485.53125, 107504.4609375, 136170.5625, 91476.5, 0.0, 0.0, 0.0, 0.0, 0.0, 0.0, 1.0
10405, 109900.5234375, 143475.59375, 90488.6640625, 107530.5546875, 136196.8125, 91491.890625, 0.0, 0.0, 0.0, 0.0, 0.0, 0.0, 1.0
10425, 109913.3359375, 143485.296875, 90505.1015625, 107534.78125, 136208.1875, 91507.6015625, 0.0, 0.0, 0.0, 0.0, 0.0, 0.0, 1.0
10445, 109921.8828125, 143510.625, 90525.84375, 107530.5546875, 136225.328125, 91516.21875, 0.0, 0.0, 0.0, 0.0, 0.0, 0.0, 1.0
10465, 109931.1171875, 143521.15625, 90533.6796875, 107529.84375, 136235.484375, 91531.1640625, 0.0, 0.0, 0.0, 0.0, 0.0, 0.0, 1.0
10485, 109952.4765625, 143532.171875, 90553.6484375, 107539.0078125, 136248.078125, 91546.1171875, 0.0, 0.0, 0.0, 0.0, 0.0, 0.0, 1.0
10505, 109966.703125, 143541.890625, 90563.0390625, 107562.2890625, 136263.46875, 91552.015625, 0.0, 0.0, 0.0, 0.0, 0.0, 0.0, 1.0
10525, 109977.390625, 143558.828125, 90568.5234375, 107556.640625, 136279.40625, 91565.0, 0.0, 0.0, 0.0, 0.0, 0.0, 0.0, 1.0
10545, 109992.34375, 143567.21875, 90569.3046875, 107589.796875, 136291.296875, 91571.65625, 0.0, 0.0, 0.0, 0.0, 0.0, 0.0, 1.0
10565, 110008.7109375, 143581.859375, 90580.2734375, 107595.4375, 136292.53125, 91583.890625, 0.0, 0.0, 0.0, 0.0, 0.0, 0.0, 1.0
10585, 110030.0859375, 143577.265625, 90583.0078125, 107616.6015625, 136307.921875, 91591.7421875, 0.0, 0.0, 0.0, 0.0, 0.0, 0.0, 1.0
10605, 110044.3203125, 143599.796875, 90587.3203125, 107630.0, 136310.71875, 91603.5390625, 0.0, 0.0, 0.0, 0.0, 0.0, 0.0, 1.0
10625, 110055.0, 143611.3125, 90596.328125, 107628.59375, 136310.71875, 91604.7421875, 0.0, 0.0, 0.0, 0.0, 0.0, 0.0, 1.0
10645, 110057.859375, 143613.625, 90602.984375, 107634.234375, 136322.09375, 91619.6953125, 0.0, 0.0, 0.0, 0.0, 0.0, 0.0, 1.0
10665, 110072.1015625, 143618.234375, 90605.7265625, 107634.9375, 136333.46875, 91623.625, 0.0, 0.0, 0.0, 0.0, 0.0, 0.0, 1.0
10685, 110079.9296875, 143631.5625, 90617.09375, 107632.1171875, 136335.21875, 91636.625, 0.0, 0.0, 0.0, 0.0, 0.0, 0.0, 1.0
10705, 110090.6171875, 143641.265625, 90617.8671875, 107638.46875, 136347.828125, 91638.1484375, 0.0, 0.0, 0.0, 0.0, 0.0, 0.0, 1.0
10725, 110101.296875, 143651.796875, 90628.0625, 107648.34375, 136354.125, 91647.2109375, 0.0, 0.0, 0.0, 0.0, 0.0, 0.0, 1.0
10745, 110111.265625, 143648.171875, 90634.71875, 107653.9921875, 136350.625, 91651.140625, 0.0, 0.0, 0.0, 0.0, 0.0, 0.0, 1.0
10765, 110111.984375, 143663.8125, 90627.6640625, 107669.515625, 136363.234375, 91653.109375, 0.0, 0.0, 0.0, 0.0, 0.0, 0.0, 1.0
10785, 110130.5, 143659.6875, 90629.6171875, 107681.5078125, 136372.859375, 91666.109375, 0.0, 0.0, 0.0, 0.0, 0.0, 0.0, 1.0
10805, 110135.5, 143667.921875, 90634.71875, 107695.625, 136376.875, 91672.0078125, 0.0, 0.0, 0.0, 0.0, 0.0, 0.0, 1.0
10825, 110144.7421875, 143673.015625, 90636.671875, 107704.09375, 136372.328125, 91673.2109375, 0.0, 0.0, 0.0, 0.0, 0.0, 0.0, 1.0
10845, 110156.15625, 143688.65625, 90641.375, 107700.5625, 136379.6875, 91681.0703125, 0.0, 0.0, 0.0, 0.0, 0.0, 0.0, 1.0
10865, 110164.7109375, 143688.15625, 90630.796875, 107714.6796875, 136383.703125, 91685.765625, 0.0, 0.0, 0.0, 0.0, 0.0, 0.0, 1.0
10885, 110173.2578125, 143686.34375, 90637.453125, 107713.96875, 136387.734375, 91693.6328125, 0.0, 0.0, 0.0, 0.0, 0.0, 0.0, 1.0
10905, 110172.5390625, 143703.796875, 90642.546875, 107709.03125, 136390.53125, 91697.5625, 0.0, 0.0, 0.0, 0.0, 0.0, 0.0, 1.0
10925, 110180.3671875, 143700.171875, 90650.78125, 107718.9140625, 136395.078125, 91701.4921875, 0.0, 0.0, 0.0, 0.0, 0.0, 0.0, 1.0
10945, 110193.921875, 143715.3125, 90648.421875, 107718.9140625, 136399.109375, 91709.8046875, 0.0, 0.0, 0.0, 0.0, 0.0, 0.0, 1.0
10965, 110191.78125, 143718.109375, 90650.3828125, 107731.6171875, 136398.59375, 91711.328125, 0.0, 0.0, 0.0, 0.0, 0.0, 0.0, 1.0
10985, 110201.75, 143714.0, 90655.078125, 107736.5546875, 136404.703125, 91709.8046875, 0.0, 0.0, 0.0, 0.0, 0.0, 0.0, 1.0
11005, 110199.609375, 143722.71875, 90661.359375, 107730.90625, 136409.4375, 91720.3984375, 0.0, 0.0, 0.0, 0.0, 0.0, 0.0, 1.0
11025, 110217.4375, 143734.234375, 90654.3046875, 107742.90625, 136401.390625, 91725.53125, 0.0, 0.0, 0.0, 0.0, 0.0, 0.0, 1.0
11045, 110218.859375, 143731.4375, 90650.3828125, 107751.3828125, 136415.046875, 91723.125, 0.0, 0.0, 0.0, 0.0, 0.0, 0.0, 1.0
11065, 110231.6875, 143730.125, 90653.5234375, 107756.3203125, 136414.515625, 91727.5, 0.0, 0.0, 0.0, 0.0, 0.0, 0.0, 1.0
11085, 110236.65625, 143745.765625, 90660.1796875, 107756.3203125, 136419.59375, 91732.1953125, 0.0, 0.0, 0.0, 0.0, 0.0, 0.0, 1.0
11105, 110235.265625, 143736.046875, 90660.578125, 107760.5546875, 136421.34375, 91736.5703125, 0.0, 0.0, 0.0, 0.0, 0.0, 0.0, 1.0
11125, 110242.3828125, 143750.359375, 90662.1328125, 107756.3203125, 136423.09375, 91742.0234375, 0.0, 0.0, 0.0, 0.0, 0.0, 0.0, 1.0
11145, 110243.796875, 143745.765625, 90666.453125, 107762.671875, 136419.59375, 91745.1953125, 0.0, 0.0, 0.0, 0.0, 0.0, 0.0, 1.0
11165, 110242.3828125, 143749.875, 90663.3125, 107766.90625, 136423.625, 91750.65625, 0.0, 0.0, 0.0, 0.0, 0.0, 0.0, 1.0
11185, 110255.2109375, 143756.78125, 90677.0234375, 107770.4375, 136413.28125, 91757.4453125, 0.0, 0.0, 0.0, 0.0, 0.0, 0.0, 1.0
11205, 110257.3203125, 143756.78125, 90663.3125, 107779.6171875, 136419.59375, 91753.828125, 0.0, 0.0, 0.0, 0.0, 0.0, 0.0, 1.0
11225, 110263.046875, 143758.59375, 90660.578125, 107791.6171875, 136421.34375, 91758.9609375, 0.0, 0.0, 0.0, 0.0, 0.0, 0.0, 1.0
11245, 110266.6015625, 143765.515625, 90672.328125, 107791.6171875, 136425.890625, 91758.9609375, 0.0, 0.0, 0.0, 0.0, 0.0, 0.0, 1.0
11265, 110273.734375, 143768.796875, 90665.2734375, 107788.0859375, 136425.890625, 91761.6953125, 0.0, 0.0, 0.0, 0.0, 0.0, 0.0, 1.0
11285, 110278.7109375, 143772.921875, 90667.234375, 107797.265625, 136421.859375, 91773.1796875, 0.0, 0.0, 0.0, 0.0, 0.0, 0.0, 1.0
11305, 110282.2890625, 143772.421875, 90671.1484375, 107797.96875, 136429.921875, 91772.734375, 0.0, 0.0, 0.0, 0.0, 0.0, 0.0, 1.0
11325, 110280.15625, 143777.03125, 90674.2890625, 107789.5, 136432.71875, 91777.875, 0.0, 0.0, 0.0, 0.0, 0.0, 0.0, 1.0
11345, 110297.265625, 143778.015625, 90675.8515625, 107793.734375, 136429.921875, 91772.734375, 0.0, 0.0, 0.0, 0.0, 0.0, 0.0, 1.0
11365, 110287.2890625, 143782.625, 90668.4140625, 107791.6171875, 136437.265625, 91770.765625, 0.0, 0.0, 0.0, 0.0, 0.0, 0.0, 1.0
11385, 110295.84375, 143790.359375, 90673.109375, 107797.265625, 136436.21875, 91780.6015625, 0.0, 0.0, 0.0, 0.0, 0.0, 0.0, 1.0
11405, 110304.375, 143786.734375, 90675.0703125, 107799.375, 136436.21875, 91783.7734375, 0.0, 0.0, 0.0, 0.0, 0.0, 0.0, 1.0
11425, 110306.515625, 143790.859375, 90674.2890625, 107803.6171875, 136437.265625, 91781.8046875, 0.0, 0.0, 0.0, 0.0, 0.0, 0.0, 1.0
11445, 110309.375, 143799.578125, 90678.203125, 107805.734375, 136434.46875, 91793.609375, 0.0, 0.0, 0.0, 0.0, 0.0, 0.0, 1.0
11465, 110312.9375, 143797.765625, 90670.3671875, 107812.09375, 136434.46875, 91790.4375, 0.0, 0.0, 0.0, 0.0, 0.0, 0.0, 1.0
11485, 110312.9375, 143790.859375, 90671.546875, 107812.09375, 136436.21875, 91792.40625, 0.0, 0.0, 0.0, 0.0, 0.0, 0.0, 1.0
11505, 110312.9375, 143799.578125, 90677.421875, 107814.9140625, 136439.03125, 91794.3671875, 0.0, 0.0, 0.0, 0.0, 0.0, 0.0, 1.0
11525, 110321.4921875, 143806.5, 90673.109375, 107822.6796875, 136442.53125, 91794.3671875, 0.0, 0.0, 0.0, 0.0, 0.0, 0.0, 1.0
11545, 110319.3515625, 143806.5, 90671.1484375, 107822.6796875, 136446.375, 91796.3359375, 0.0, 0.0, 0.0, 0.0, 0.0, 0.0, 1.0
11565, 110328.6328125, 143806.5, 90671.9296875, 107816.328125, 136445.328125, 91802.2421875, 0.0, 0.0, 0.0, 0.0, 0.0, 0.0, 1.0
11585, 110332.1875, 143804.6875, 90673.5078125, 107820.5625, 136440.78125, 91806.171875, 0.0, 0.0, 0.0, 0.0, 0.0, 0.0, 1.0
11605, 110332.1875, 143812.921875, 90671.9296875, 107822.6796875, 136437.984375, 91807.3828125, 0.0, 0.0, 0.0, 0.0, 0.0, 0.0, 1.0
11625, 110335.7421875, 143813.40625, 90680.1640625, 107826.9140625, 136432.71875, 91808.5859375, 0.0, 0.0, 0.0, 0.0, 0.0, 0.0, 1.0
11645, 110335.046875, 143826.734375, 90677.0234375, 107836.8046875, 136442.53125, 91810.5546875, 0.0, 0.0, 0.0, 0.0, 0.0, 0.0, 1.0
11665, 110347.1640625, 143822.625, 90677.421875, 107837.5078125, 136445.328125, 91813.28125, 0.0, 0.0, 0.0, 0.0, 0.0, 0.0, 1.0
11685, 110342.8828125, 143818.015625, 90675.0703125, 107841.0390625, 136445.328125, 91813.28125, 0.0, 0.0, 0.0, 0.0, 0.0, 0.0, 1.0
11705, 110342.8828125, 143824.4375, 90674.2890625, 107838.921875, 136444.09375, 91813.28125, 0.0, 0.0, 0.0, 0.0, 0.0, 0.0, 1.0
11725, 110347.8828125, 143824.4375, 90673.5078125, 107838.21875, 136441.296875, 91818.421875, 0.0, 0.0, 0.0, 0.0, 0.0, 0.0, 1.0
11745, 110351.4375, 143824.921875, 90675.46875, 107841.0390625, 136440.78125, 91820.390625, 0.0, 0.0, 0.0, 0.0, 0.0, 0.0, 1.0
11765, 110352.859375, 143836.453125, 90669.1875, 107836.8046875, 136449.875, 91827.5, 0.0, 0.0, 0.0, 0.0, 0.0, 0.0, 1.0
11785, 110357.859375, 143828.546875, 90674.2890625, 107842.453125, 136451.109375, 91827.0546875, 0.0, 0.0, 0.0, 0.0, 0.0, 0.0, 1.0
11805, 110362.140625, 143839.578125, 90676.25, 107838.921875, 136453.390625, 91827.0546875, 0.0, 0.0, 0.0, 0.0, 0.0, 0.0, 1.0
11825, 110355.71875, 143823.109375, 90679.78125, 107840.3359375, 136450.40625, 91832.1953125, 0.0, 0.0, 0.0, 0.0, 0.0, 0.0, 1.0
11845, 110351.4375, 143835.953125, 90680.5625, 107846.6875, 136443.046875, 91836.1328125, 0.0, 0.0, 0.0, 0.0, 0.0, 0.0, 1.0
11865, 110361.4140625, 143829.53125, 90677.421875, 107861.515625, 136443.578125, 91832.1953125, 0.0, 0.0, 0.0, 0.0, 0.0, 0.0, 1.0
11885, 110368.5546875, 143838.75, 90674.2890625, 107857.28125, 136442.0, 91832.1953125, 0.0, 0.0, 0.0, 0.0, 0.0, 0.0, 1.0
11905, 110361.4140625, 143845.171875, 90679.3828125, 107855.8671875, 136443.578125, 91838.1015625, 0.0, 0.0, 0.0, 0.0, 0.0, 0.0, 1.0
11926, 110372.8359375, 143834.140625, 90677.421875, 107859.3984375, 136443.046875, 91840.0625, 0.0, 0.0, 0.0, 0.0, 0.0, 0.0, 1.0
11945, 110364.2734375, 143840.5625, 90687.21875, 107859.3984375, 136447.078125, 91842.03125, 0.0, 0.0, 0.0, 0.0, 0.0, 0.0, 1.0
11965, 110369.2734375, 143838.75, 90671.546875, 107857.984375, 136442.53125, 91841.71875, 0.0, 0.0, 0.0, 0.0, 0.0, 0.0, 1.0
11985, 110369.9765625, 143845.671875, 90672.328125, 107853.75, 136447.078125, 91844.0, 0.0, 0.0, 0.0, 0.0, 0.0, 0.0, 1.0
12005, 110384.234375, 143848.796875, 90674.2890625, 107861.515625, 136447.078125, 91843.6875, 0.0, 0.0, 0.0, 0.0, 0.0, 0.0, 1.0
12025, 110377.8359375, 143853.90625, 90670.3671875, 107861.515625, 136453.390625, 91853.5234375, 0.0, 0.0, 0.0, 0.0, 0.0, 0.0, 1.0
12045, 110380.671875, 143852.09375, 90662.53125, 107857.984375, 136440.78125, 91849.140625, 0.0, 0.0, 0.0, 0.0, 0.0, 0.0, 1.0
12065, 110374.9765625, 143841.0625, 90672.328125, 107865.7578125, 136456.1875, 91851.109375, 0.0, 0.0, 0.0, 0.0, 0.0, 0.0, 1.0
12085, 110387.09375, 143852.09375, 90669.5859375, 107858.6875, 136455.140625, 91847.9375, 0.0, 0.0, 0.0, 0.0, 0.0, 0.0, 1.0
12105, 110381.390625, 143860.328125, 90678.6015625, 107867.875, 136447.609375, 91853.078125, 0.0, 0.0, 0.0, 0.0, 0.0, 0.0, 1.0
12125, 110390.6484375, 143847.96875, 90673.5078125, 107866.4609375, 136436.21875, 91853.84375, 0.0, 0.0, 0.0, 0.0, 0.0, 0.0, 1.0
12145, 110389.234375, 143859.0, 90665.671875, 107874.2265625, 136446.5625, 91858.984375, 0.0, 0.0, 0.0, 0.0, 0.0, 0.0, 1.0
12165, 110389.234375, 143860.8125, 90669.5859375, 107875.640625, 136447.078125, 91862.921875, 0.0, 0.0, 0.0, 0.0, 0.0, 0.0, 1.0
12185, 110391.3671875, 143858.515625, 90678.6015625, 107868.578125, 136453.90625, 91858.2265625, 0.0, 0.0, 0.0, 0.0, 0.0, 0.0, 1.0
12205, 110397.0703125, 143854.875, 90667.234375, 107868.578125, 136445.328125, 91863.6796875, 0.0, 0.0, 0.0, 0.0, 0.0, 0.0, 1.0
12225, 110399.2109375, 143860.8125, 90669.5859375, 107865.7578125, 136446.5625, 91861.7109375, 0.0, 0.0, 0.0, 0.0, 0.0, 0.0, 1.0
12245, 110400.625, 143861.296875, 90663.7109375, 107867.171875, 136454.4375, 91858.984375, 0.0, 0.0, 0.0, 0.0, 0.0, 0.0, 1.0
12265, 110401.3515625, 143859.0, 90677.421875, 107865.046875, 136447.078125, 91864.890625, 0.0, 0.0, 0.0, 0.0, 0.0, 0.0, 1.0
12286, 110400.6484375, 143864.09375, 90664.4921875, 107874.2265625, 136447.078125, 91868.0625, 0.0, 0.0, 0.0, 0.0, 0.0, 0.0, 1.0
12305, 110403.484375, 143863.609375, 90665.671875, 107888.3515625, 136449.359375, 91868.8203125, 0.0, 0.0, 0.0, 0.0, 0.0, 0.0, 1.0
12325, 110407.765625, 143864.09375, 90665.671875, 107880.5859375, 136449.359375, 91868.8203125, 0.0, 0.0, 0.0, 0.0, 0.0, 0.0, 1.0
12345, 110409.1875, 143867.734375, 90661.75, 107891.1796875, 136447.078125, 91872.7578125, 0.0, 0.0, 0.0, 0.0, 0.0, 0.0, 1.0
12365, 110407.0703125, 143872.328125, 90667.6328125, 107889.0625, 136447.078125, 91864.890625, 0.0, 0.0, 0.0, 0.0, 0.0, 0.0, 1.0
12385, 110406.3515625, 143868.21875, 90670.3671875, 107882.703125, 136442.53125, 91873.96875, 0.0, 0.0, 0.0, 0.0, 0.0, 0.0, 1.0
12405, 110408.4921875, 143872.328125, 90667.6328125, 107885.5234375, 136447.078125, 91870.7890625, 0.0, 0.0, 0.0, 0.0, 0.0, 0.0, 1.0
12425, 110409.90625, 143874.640625, 90669.984375, 107881.2890625, 136447.609375, 91872.3125, 0.0, 0.0, 0.0, 0.0, 0.0, 0.0, 1.0
12445, 110414.1875, 143872.828125, 90667.6328125, 107880.5859375, 136444.28125, 91884.5703125, 0.0, 0.0, 0.0, 0.0, 0.0, 0.0, 1.0
12465, 110413.46875, 143874.640625, 90664.4921875, 107882.703125, 136448.828125, 91878.6640625, 0.0, 0.0, 0.0, 0.0, 0.0, 0.0, 1.0
12485, 110416.328125, 143876.9375, 90660.9765625, 107882.703125, 136448.828125, 91876.6953125, 0.0, 0.0, 0.0, 0.0, 0.0, 0.0, 1.0
12505, 110419.1875, 143883.359375, 90662.9296875, 107891.1796875, 136443.046875, 91879.421875, 0.0, 0.0, 0.0, 0.0, 0.0, 0.0, 1.0
12525, 110416.328125, 143870.515625, 90661.75, 107896.828125, 136445.328125, 91878.6640625, 0.0, 0.0, 0.0, 0.0, 0.0, 0.0, 1.0
12545, 110421.328125, 143879.734375, 90661.75, 107895.4140625, 136448.828125, 91881.390625, 0.0, 0.0, 0.0, 0.0, 0.0, 0.0, 1.0
12565, 110423.46875, 143881.546875, 90659.796875, 107899.65625, 136449.359375, 91886.5390625, 0.0, 0.0, 0.0, 0.0, 0.0, 0.0, 1.0
12585, 110419.8828125, 143874.640625, 90665.2734375, 107901.7734375, 136451.109375, 91877.453125, 0.0, 0.0, 0.0, 0.0, 0.0, 0.0, 1.0
12606, 110422.75, 143875.625, 90659.796875, 107902.484375, 136448.3125, 91878.6640625, 0.0, 0.0, 0.0, 0.0, 0.0, 0.0, 1.0
12625, 110424.1640625, 143888.46875, 90661.75, 107891.8828125, 136454.609375, 91889.7109375, 0.0, 0.0, 0.0, 0.0, 0.0, 0.0, 1.0
12646, 110433.4453125, 143883.859375, 90663.7109375, 107897.53125, 136442.0, 91888.5078125, 0.0, 0.0, 0.0, 0.0, 0.0, 0.0, 1.0
12665, 110427.0234375, 143882.046875, 90666.8515625, 107892.59375, 136451.109375, 91885.328125, 0.0, 0.0, 0.0, 0.0, 0.0, 0.0, 1.0
12685, 110424.1640625, 143877.921875, 90662.53125, 107892.59375, 136446.03125, 91885.328125, 0.0, 0.0, 0.0, 0.0, 0.0, 0.0, 1.0
12705, 110432.0078125, 143882.875, 90665.671875, 107891.890625, 136446.5625, 91884.5703125, 0.0, 0.0, 0.0, 0.0, 0.0, 0.0, 1.0
12725, 110434.8671875, 143886.65625, 90662.9296875, 107901.7734375, 136449.359375, 91891.234375, 0.0, 0.0, 0.0, 0.0, 0.0, 0.0, 1.0
12745, 110431.3046875, 143882.046875, 90661.75, 107910.9609375, 136447.078125, 91887.296875, 0.0, 0.0, 0.0, 0.0, 0.0, 0.0, 1.0
12765, 110424.890625, 143882.53125, 90658.6171875, 107897.53125, 136457.40625, 91890.4765625, 0.0, 0.0, 0.0, 0.0, 0.0, 0.0, 1.0
12785, 110435.5859375, 143879.25, 90661.75, 107912.3671875, 136453.390625, 91901.5234375, 0.0, 0.0, 0.0, 0.0, 0.0, 0.0, 1.0
12805, 110433.4453125, 143890.28125, 90662.9296875, 107901.0703125, 136448.828125, 91892.4375, 0.0, 0.0, 0.0, 0.0, 0.0, 0.0, 1.0
12825, 110437.7265625, 143893.078125, 90657.8359375, 107911.6640625, 136444.28125, 91898.34375, 0.0, 0.0, 0.0, 0.0, 0.0, 0.0, 1.0
12845, 110437.0078125, 143888.953125, 90663.7109375, 107905.3046875, 136446.03125, 91895.6171875, 0.0, 0.0, 0.0, 0.0, 0.0, 0.0, 1.0
12865, 110431.3046875, 143894.890625, 90660.9765625, 107903.890625, 136454.609375, 91895.6171875, 0.0, 0.0, 0.0, 0.0, 0.0, 0.0, 1.0
12885, 110427.75, 143897.6875, 90661.75, 107901.0703125, 136449.359375, 91897.5859375, 0.0, 0.0, 0.0, 0.0, 0.0, 0.0, 1.0
12905, 110432.7265625, 143894.890625, 90662.9296875, 107905.3046875, 136448.3125, 91901.5234375, 0.0, 0.0, 0.0, 0.0, 0.0, 0.0, 1.0
12925, 110437.0078125, 143894.40625, 90656.65625, 107902.484375, 136450.578125, 91898.34375, 0.0, 0.0, 0.0, 0.0, 0.0, 0.0, 1.0
12945, 110438.4453125, 143894.890625, 90662.9296875, 107904.6015625, 136450.578125, 91907.4296875, 0.0, 0.0, 0.0, 0.0, 0.0, 0.0, 1.0
12965, 110442.7265625, 143894.890625, 90654.6953125, 107913.078125, 136444.8125, 91901.5234375, 0.0, 0.0, 0.0, 0.0, 0.0, 0.0, 1.0
12985, 110444.1484375, 143890.28125, 90655.09375, 107908.125, 136448.3125, 91908.1875, 0.0, 0.0, 0.0, 0.0, 0.0, 0.0, 1.0
13006, 110440.5859375, 143899.984375, 90658.234375, 107918.015625, 136443.765625, 91903.046875, 0.0, 0.0, 0.0, 0.0, 0.0, 0.0, 1.0
13026, 110447.703125, 143899.0, 90653.140625, 107923.671875, 136442.0, 91902.28125, 0.0, 0.0, 0.0, 0.0, 0.0, 0.0, 1.0
13045, 110442.0078125, 143893.5625, 90652.359375, 107909.5390625, 136444.28125, 91906.6640625, 0.0, 0.0, 0.0, 0.0, 0.0, 0.0, 1.0
13065, 110446.2890625, 143898.171875, 90653.921875, 107914.484375, 136446.5625, 91910.6015625, 0.0, 0.0, 0.0, 0.0, 0.0, 0.0, 1.0
13085, 110446.2890625, 143902.296875, 90660.9765625, 107911.6640625, 136444.28125, 91910.15625, 0.0, 0.0, 0.0, 0.0, 0.0, 0.0, 1.0
13105, 110444.1484375, 143894.890625, 90656.2734375, 107909.5390625, 136444.8125, 91908.1875, 0.0, 0.0, 0.0, 0.0, 0.0, 0.0, 1.0
13125, 110447.0078125, 143899.5, 90653.921875, 107905.3046875, 136448.828125, 91908.1875, 0.0, 0.0, 0.0, 0.0, 0.0, 0.0, 1.0
13145, 110455.546875, 143899.5, 90640.9921875, 107905.3046875, 136442.0, 91910.6015625, 0.0, 0.0, 0.0, 0.0, 0.0, 0.0, 1.0
13165, 110456.265625, 143902.78125, 90647.265625, 107915.1953125, 136446.5625, 91911.3671875, 0.0, 0.0, 0.0, 0.0, 0.0, 0.0, 1.0
13185, 110456.96875, 143904.109375, 90648.0390625, 107914.484375, 136448.3125, 91912.125, 0.0, 0.0, 0.0, 0.0, 0.0, 0.0, 1.0
13205, 110450.5703125, 143898.65625, 90650.0, 107925.0859375, 136442.0, 91908.1875, 0.0, 0.0, 0.0, 0.0, 0.0, 0.0, 1.0
13225, 110457.6875, 143900.484375, 90653.921875, 107921.5546875, 136446.5625, 91911.3671875, 0.0, 0.0, 0.0, 0.0, 0.0, 0.0, 1.0
13245, 110449.84375, 143904.59375, 90650.3984375, 107918.71875, 136449.359375, 91912.125, 0.0, 0.0, 0.0, 0.0, 0.0, 0.0, 1.0
13265, 110451.984375, 143904.109375, 90649.21875, 107920.140625, 136447.078125, 91921.96875, 0.0, 0.0, 0.0, 0.0, 0.0, 0.0, 1.0
13285, 110454.8515625, 143904.109375, 90649.21875, 107913.78125, 136453.390625, 91921.2109375, 0.0, 0.0, 0.0, 0.0, 0.0, 0.0, 1.0
13305, 110454.125, 143906.40625, 90645.3046875, 107918.71875, 136442.53125, 91916.5078125, 0.0, 0.0, 0.0, 0.0, 0.0, 0.0, 1.0
13325, 110452.7109375, 143906.40625, 90650.0, 107914.484375, 136444.28125, 91914.09375, 0.0, 0.0, 0.0, 0.0, 0.0, 0.0, 1.0
13345, 110458.40625, 143900.484375, 90655.4921875, 107912.3671875, 136449.359375, 91909.3984375, 0.0, 0.0, 0.0, 0.0, 0.0, 0.0, 1.0
13365, 110454.125, 143913.328125, 90653.140625, 107924.375, 136450.0625, 91917.2734375, 0.0, 0.0, 0.0, 0.0, 0.0, 0.0, 1.0
13385, 110459.828125, 143905.09375, 90643.34375, 107922.9609375, 136447.265625, 91917.2734375, 0.0, 0.0, 0.0, 0.0, 0.0, 0.0, 1.0
13406, 110461.96875, 143901.796875, 90646.0859375, 107925.7890625, 136440.25, 91920.4453125, 0.0, 0.0, 0.0, 0.0, 0.0, 0.0, 1.0
13425, 110454.8515625, 143908.21875, 90649.6171875, 107922.9609375, 136447.078125, 91920.4453125, 0.0, 0.0, 0.0, 0.0, 0.0, 0.0, 1.0
13445, 110460.546875, 143909.203125, 90640.9921875, 107932.1484375, 136442.0, 91923.1796875, 0.0, 0.0, 0.0, 0.0, 0.0, 0.0, 1.0
13465, 110464.109375, 143902.78125, 90648.0390625, 107920.140625, 136447.78125, 91921.96875, 0.0, 0.0, 0.0, 0.0, 0.0, 0.0, 1.0
13485, 110460.546875, 143915.625, 90648.8203125, 107923.671875, 136450.578125, 91922.4140625, 0.0, 0.0, 0.0, 0.0, 0.0, 0.0, 1.0
13505, 110455.5703125, 143911.015625, 90650.0, 107922.2578125, 136444.28125, 91920.0, 0.0, 0.0, 0.0, 0.0, 0.0, 0.0, 1.0
13525, 110464.109375, 143906.40625, 90642.1640625, 107918.015625, 136446.03125, 91921.2109375, 0.0, 0.0, 0.0, 0.0, 0.0, 0.0, 1.0
13545, 110459.125, 143906.90625, 90643.34375, 107920.8515625, 136451.8125, 91931.046875, 0.0, 0.0, 0.0, 0.0, 0.0, 0.0, 1.0
13565, 110463.40625, 143911.515625, 90634.3359375, 107922.9609375, 136443.765625, 91927.1171875, 0.0, 0.0, 0.0, 0.0, 0.0, 0.0, 1.0
13585, 110461.96875, 143911.015625, 90639.4296875, 107928.609375, 136442.0, 91923.1796875, 0.0, 0.0, 0.0, 0.0, 0.0, 0.0, 1.0
13605, 110467.6875, 143906.40625, 90631.1953125, 107930.03125, 136443.765625, 91923.1796875, 0.0, 0.0, 0.0, 0.0, 0.0, 0.0, 1.0
13625, 110464.109375, 143909.203125, 90631.1953125, 107926.4921875, 136450.0625, 91923.9375, 0.0, 0.0, 0.0, 0.0, 0.0, 0.0, 1.0
13645, 110467.671875, 143911.515625, 90645.3046875, 107930.03125, 136450.578125, 91931.046875, 0.0, 0.0, 0.0, 0.0, 0.0, 0.0, 1.0
13665, 110466.25, 143916.125, 90641.390625, 107934.265625, 136447.78125, 91924.3828125, 0.0, 0.0, 0.0, 0.0, 0.0, 0.0, 1.0
13685, 110469.109375, 143909.203125, 90638.25, 107925.7890625, 136440.953125, 91931.046875, 0.0, 0.0, 0.0, 0.0, 0.0, 0.0, 1.0
13705, 110463.40625, 143915.625, 90645.3046875, 107927.203125, 136450.578125, 91923.9375, 0.0, 0.0, 0.0, 0.0, 0.0, 0.0, 1.0
13726, 110466.96875, 143913.328125, 90635.5078125, 107922.9609375, 136454.09375, 91926.3515625, 0.0, 0.0, 0.0, 0.0, 0.0, 0.0, 1.0
13745, 110472.671875, 143911.015625, 90635.109375, 107925.078125, 136446.03125, 91929.078125, 0.0, 0.0, 0.0, 0.0, 0.0, 0.0, 1.0
13765, 110476.2265625, 143919.75, 90636.2890625, 107934.265625, 136443.234375, 91929.078125, 0.0, 0.0, 0.0, 0.0, 0.0, 0.0, 1.0
13785, 110473.390625, 143917.9375, 90636.2890625, 107928.609375, 136439.734375, 91928.3203125, 0.0, 0.0, 0.0, 0.0, 0.0, 0.0, 1.0
13805, 110470.53125, 143914.296875, 90640.2109375, 107940.625, 136444.28125, 91925.90625, 0.0, 0.0, 0.0, 0.0, 0.0, 0.0, 1.0
13825, 110465.546875, 143920.234375, 90642.5625, 107930.734375, 136447.265625, 91926.3515625, 0.0, 0.0, 0.0, 0.0, 0.0, 0.0, 1.0
13845, 110464.828125, 143918.421875, 90635.5078125, 107935.6796875, 136446.5625, 91934.2265625, 0.0, 0.0, 0.0, 0.0, 0.0, 0.0, 1.0
13865, 110462.6875, 143915.140625, 90639.4296875, 107932.1484375, 136446.03125, 91927.1171875, 0.0, 0.0, 0.0, 0.0, 0.0, 0.0, 1.0
13885, 110476.953125, 143923.875, 90637.46875, 107936.3828125, 136443.234375, 91931.046875, 0.0, 0.0, 0.0, 0.0, 0.0, 0.0, 1.0
13905, 110469.109375, 143915.625, 90633.5546875, 107934.265625, 136439.734375, 91929.078125, 0.0, 0.0, 0.0, 0.0, 0.0, 0.0, 1.0
13925, 110466.96875, 143917.9375, 90633.5546875, 107932.1484375, 136445.515625, 91937.40625, 0.0, 0.0, 0.0, 0.0, 0.0, 0.0, 1.0
13945, 110470.53125, 143927.15625, 90631.1953125, 107930.734375, 136448.3125, 91934.2265625, 0.0, 0.0, 0.0, 0.0, 0.0, 0.0, 1.0
13965, 110465.546875, 143919.265625, 90634.3359375, 107934.96875, 136443.765625, 91934.2265625, 0.0, 0.0, 0.0, 0.0, 0.0, 0.0, 1.0
13985, 110472.6875, 143917.4375, 90632.375, 107931.4375, 136448.3125, 91935.75, 0.0, 0.0, 0.0, 0.0, 0.0, 0.0, 1.0
14005, 110477.671875, 143920.234375, 90634.3359375, 107932.1484375, 136448.828125, 91934.2265625, 0.0, 0.0, 0.0, 0.0, 0.0, 0.0, 1.0
14025, 110474.8125, 143920.234375, 90630.4140625, 107928.609375, 136443.234375, 91933.015625, 0.0, 0.0, 0.0, 0.0, 0.0, 0.0, 1.0
14045, 110477.671875, 143919.75, 90629.6328125, 107942.0390625, 136447.78125, 91930.2890625, 0.0, 0.0, 0.0, 0.0, 0.0, 0.0, 1.0
14065, 110471.25, 143933.578125, 90624.5390625, 107937.0859375, 136435.703125, 91931.8125, 0.0, 0.0, 0.0, 0.0, 0.0, 0.0, 1.0
14085, 110472.671875, 143925.34375, 90631.59375, 107939.921875, 136446.5625, 91934.2265625, 0.0, 0.0, 0.0, 0.0, 0.0, 0.0, 1.0
14105, 110472.671875, 143922.546875, 90631.1953125, 107937.0859375, 136439.734375, 91938.1640625, 0.0, 0.0, 0.0, 0.0, 0.0, 0.0, 1.0
14125, 110475.53125, 143920.234375, 90629.234375, 107945.5625, 136437.984375, 91942.1015625, 0.0, 0.0, 0.0, 0.0, 0.0, 0.0, 1.0
14145, 110480.5078125, 143917.9375, 90628.8515625, 107945.5703125, 136446.03125, 91940.8984375, 0.0, 0.0, 0.0, 0.0, 0.0, 0.0, 1.0
14165, 110474.8125, 143924.84375, 90630.4140625, 107941.328125, 136439.203125, 91940.1328125, 0.0, 0.0, 0.0, 0.0, 0.0, 0.0, 1.0
14185, 110477.671875, 143924.359375, 90629.6328125, 107937.0859375, 136442.0, 91942.1015625, 0.0, 0.0, 0.0, 0.0, 0.0, 0.0, 1.0
14205, 110477.671875, 143925.34375, 90626.5, 107932.1484375, 136445.515625, 91942.1015625, 0.0, 0.0, 0.0, 0.0, 0.0, 0.0, 1.0
14225, 110479.8125, 143921.21875, 90632.7734375, 107942.7421875, 136443.234375, 91938.1640625, 0.0, 0.0, 0.0, 0.0, 0.0, 0.0, 1.0
14245, 110479.09375, 143928.96875, 90621.8046875, 107932.8515625, 136446.03125, 91940.1328125, 0.0, 0.0, 0.0, 0.0, 0.0, 0.0, 1.0
14265, 110473.390625, 143923.03125, 90628.4609375, 107948.3984375, 136443.234375, 91933.78125, 0.0, 0.0, 0.0, 0.0, 0.0, 0.0, 1.0
14285, 110474.109375, 143924.359375, 90616.7109375, 107939.921875, 136443.234375, 91943.3125, 0.0, 0.0, 0.0, 0.0, 0.0, 0.0, 1.0
14305, 110483.375, 143918.90625, 90618.6640625, 107939.2109375, 136435.703125, 91941.34375, 0.0, 0.0, 0.0, 0.0, 0.0, 0.0, 1.0
14325, 110479.09375, 143929.453125, 90625.71875, 107937.7890625, 136443.234375, 91938.9296875, 0.0, 0.0, 0.0, 0.0, 0.0, 0.0, 1.0
14345, 110474.8125, 143927.15625, 90621.8046875, 107936.3828125, 136443.234375, 91951.9453125, 0.0, 0.0, 0.0, 0.0, 0.0, 0.0, 1.0
14365, 110481.234375, 143926.65625, 90626.8984375, 107943.4453125, 136438.6875, 91946.8046875, 0.0, 0.0, 0.0, 0.0, 0.0, 0.0, 1.0
14385, 110471.9453125, 143933.078125, 90626.5, 107936.3828125, 136441.484375, 91942.8671875, 0.0, 0.0, 0.0, 0.0, 0.0, 0.0, 1.0
14405, 110483.375, 143929.453125, 90631.59375, 107945.5625, 136443.765625, 91944.0703125, 0.0, 0.0, 0.0, 0.0, 0.0, 0.0, 1.0
14425, 110481.234375, 143931.765625, 90619.84375, 107944.859375, 136445.515625, 91940.8984375, 0.0, 0.0, 0.0, 0.0, 0.0, 0.0, 1.0
14445, 110484.09375, 143926.65625, 90621.8046875, 107939.921875, 136430.625, 91944.0703125, 0.0, 0.0, 0.0, 0.0, 0.0, 0.0, 1.0
14465, 110479.09375, 143933.578125, 90625.71875, 107939.921875, 136443.234375, 91946.8046875, 0.0, 0.0, 0.0, 0.0, 0.0, 0.0, 1.0
14485, 110487.6484375, 143931.765625, 90620.625, 107946.265625, 136442.0, 91939.6875, 0.0, 0.0, 0.0, 0.0, 0.0, 0.0, 1.0
14505, 110486.9296875, 143934.90625, 90625.3203125, 107942.7421875, 136446.03125, 91944.0703125, 0.0, 0.0, 0.0, 0.0, 0.0, 0.0, 1.0
14525, 110481.953125, 143927.15625, 90614.75, 107943.4453125, 136437.453125, 91944.8359375, 0.0, 0.0, 0.0, 0.0, 0.0, 0.0, 1.0
14545, 110488.375, 143929.953125, 90612.0078125, 107937.0859375, 136435.703125, 91947.5625, 0.0, 0.0, 0.0, 0.0, 0.0, 0.0, 1.0
14565, 110479.09375, 143920.734375, 90620.625, 107943.4453125, 136435.171875, 91953.9140625, 0.0, 0.0, 0.0, 0.0, 0.0, 0.0, 1.0
14585, 110483.375, 143935.875, 90616.7109375, 107944.15625, 136447.78125, 91951.9453125, 0.0, 0.0, 0.0, 0.0, 0.0, 0.0, 1.0
14605, 110479.09375, 143929.953125, 90622.9765625, 107949.8046875, 136440.953125, 91942.8671875, 0.0, 0.0, 0.0, 0.0, 0.0, 0.0, 1.0
14625, 110486.234375, 143934.0625, 90619.0625, 107944.859375, 136442.0, 91946.8046875, 0.0, 0.0, 0.0, 0.0, 0.0, 0.0, 1.0
14645, 110486.234375, 143935.875, 90618.6640625, 107937.0859375, 136443.765625, 91949.9765625, 0.0, 0.0, 0.0, 0.0, 0.0, 0.0, 1.0
14665, 110488.375, 143933.578125, 90618.6640625, 107942.0390625, 136449.546875, 91946.0390625, 0.0, 0.0, 0.0, 0.0, 0.0, 0.0, 1.0
14685, 110485.5078125, 143937.6875, 90613.5703125, 107944.15625, 136448.3125, 91950.7421875, 0.0, 0.0, 0.0, 0.0, 0.0, 0.0, 1.0
14705, 110481.234375, 143938.1875, 90622.5859375, 107938.5, 136444.28125, 91953.46875, 0.0, 0.0, 0.0, 0.0, 0.0, 0.0, 1.0
14725, 110479.8125, 143934.0625, 90613.96875, 107945.5625, 136446.03125, 91954.6796875, 0.0, 0.0, 0.0, 0.0, 0.0, 0.0, 1.0
14746, 110483.375, 143940.0, 90614.75, 107953.3359375, 136443.234375, 91953.9140625, 0.0, 0.0, 0.0, 0.0, 0.0, 0.0, 1.0
14766, 110484.09375, 143931.265625, 90619.84375, 107951.21875, 136438.6875, 91953.9140625, 0.0, 0.0, 0.0, 0.0, 0.0, 0.0, 1.0
14785, 110487.6484375, 143935.875, 90615.53125, 107951.9296875, 136443.765625, 91955.125, 0.0, 0.0, 0.0, 0.0, 0.0, 0.0, 1.0
14805, 110481.234375, 143928.96875, 90608.875, 107942.7421875, 136445.515625, 91958.6171875, 0.0, 0.0, 0.0, 0.0, 0.0, 0.0, 1.0
14825, 110490.4921875, 143934.0625, 90612.0078125, 107946.9765625, 136443.765625, 91955.8828125, 0.0, 0.0, 0.0, 0.0, 0.0, 0.0, 1.0
14845, 110486.9296875, 143945.09375, 90614.75, 107940.625, 136443.234375, 91959.8203125, 0.0, 0.0, 0.0, 0.0, 0.0, 0.0, 1.0
14865, 110482.671875, 143927.15625, 90621.0234375, 107949.8046875, 136441.484375, 91956.6484375, 0.0, 0.0, 0.0, 0.0, 0.0, 0.0, 1.0
14885, 110487.6484375, 143942.296875, 90615.1484375, 107938.5, 136444.984375, 91954.6796875, 0.0, 0.0, 0.0, 0.0, 0.0, 0.0, 1.0
14905, 110483.375, 143935.875, 90628.078125, 107942.0390625, 136450.578125, 91951.9453125, 0.0, 0.0, 0.0, 0.0, 0.0, 0.0, 1.0
14925, 110481.234375, 143929.453125, 90612.7890625, 107944.1484375, 136443.234375, 91955.4375, 0.0, 0.0, 0.0, 0.0, 0.0, 0.0, 1.0
14945, 110489.0703125, 143938.671875, 90622.9765625, 107954.75, 136441.484375, 91951.9453125, 0.0, 0.0, 0.0, 0.0, 0.0, 0.0, 1.0
14965, 110492.65625, 143940.0, 90617.8828125, 107949.1015625, 136437.453125, 91959.0625, 0.0, 0.0, 0.0, 0.0, 0.0, 0.0, 1.0
14985, 110489.7890625, 143942.296875, 90611.2265625, 107958.9921875, 136443.765625, 91958.6171875, 0.0, 0.0, 0.0, 0.0, 0.0, 0.0, 1.0
15005, 110489.0703125, 143935.875, 90609.2734375, 107949.1015625, 136444.984375, 91961.03125, 0.0, 0.0, 0.0, 0.0, 0.0, 0.0, 1.0
15025, 110491.9296875, 143945.09375, 90613.96875, 107949.8046875, 136440.953125, 91961.7890625, 0.0, 0.0, 0.0, 0.0, 0.0, 0.0, 1.0
15045, 110486.234375, 143937.6875, 90612.0078125, 107958.2890625, 136444.28125, 91961.7890625, 0.0, 0.0, 0.0, 0.0, 0.0, 0.0, 1.0
15065, 110491.9296875, 143936.859375, 90603.0, 107948.3984375, 136443.765625, 91958.6171875, 0.0, 0.0, 0.0, 0.0, 0.0, 0.0, 1.0
15085, 110493.3515625, 143936.375, 90613.1875, 107946.2734375, 136440.953125, 91961.7890625, 0.0, 0.0, 0.0, 0.0, 0.0, 0.0, 1.0
15105, 110487.6484375, 143937.203125, 90613.5703125, 107950.515625, 136452.34375, 91963.7578125, 0.0, 0.0, 0.0, 0.0, 0.0, 0.0, 1.0
15125, 110489.7890625, 143947.40625, 90611.609375, 107940.625, 136441.484375, 91959.8203125, 0.0, 0.0, 0.0, 0.0, 0.0, 0.0, 1.0
15146, 110491.9296875, 143934.0625, 90617.8828125, 107945.5703125, 136440.953125, 91954.6796875, 0.0, 0.0, 0.0, 0.0, 0.0, 0.0, 1.0
15165, 110494.0703125, 143940.0, 90610.8359375, 107947.6953125, 136438.15625, 91965.734375, 0.0, 0.0, 0.0, 0.0, 0.0, 0.0, 1.0
15185, 110494.796875, 143932.734375, 90610.0546875, 107950.515625, 136440.4375, 91966.9375, 0.0, 0.0, 0.0, 0.0, 0.0, 0.0, 1.0
15205, 110491.9296875, 143939.15625, 90608.875, 107953.3359375, 136440.953125, 91964.5234375, 0.0, 0.0, 0.0, 0.0, 0.0, 0.0, 1.0
15225, 110498.3515625, 143932.25, 90613.96875, 107951.21875, 136439.203125, 91962.5546875, 0.0, 0.0, 0.0, 0.0, 0.0, 0.0, 1.0
15245, 110487.6484375, 143942.796875, 90614.3671875, 107948.3984375, 136436.40625, 91965.734375, 0.0, 0.0, 0.0, 0.0, 0.0, 0.0, 1.0
15265, 110486.953125, 143942.796875, 90606.1328125, 107944.859375, 136443.234375, 91961.7890625, 0.0, 0.0, 0.0, 0.0, 0.0, 0.0, 1.0
15285, 110493.375, 143945.09375, 90605.359375, 107944.1484375, 136451.8125, 91960.5859375, 0.0, 0.0, 0.0, 0.0, 0.0, 0.0, 1.0
15305, 110490.515625, 143936.375, 90613.1875, 107950.515625, 136452.34375, 91964.5234375, 0.0, 0.0, 0.0, 0.0, 0.0, 0.0, 1.0
15325, 110487.6484375, 143938.671875, 90605.359375, 107953.3359375, 136441.484375, 91963.7578125, 0.0, 0.0, 0.0, 0.0, 0.0, 0.0, 1.0
15345, 110487.6484375, 143942.796875, 90603.0, 107951.921875, 136443.765625, 91962.2421875, 0.0, 0.0, 0.0, 0.0, 0.0, 0.0, 1.0
15365, 110488.375, 143942.296875, 90608.09375, 107946.2734375, 136437.453125, 91966.4921875, 0.0, 0.0, 0.0, 0.0, 0.0, 0.0, 1.0
15385, 110483.375, 143938.671875, 90610.0546875, 107943.4453125, 136446.03125, 91967.703125, 0.0, 0.0, 0.0, 0.0, 0.0, 0.0, 1.0
15405, 110495.4921875, 143943.28125, 90603.0, 107951.9296875, 136447.265625, 91960.1328125, 0.0, 0.0, 0.0, 0.0, 0.0, 0.0, 1.0
15425, 110489.7890625, 143947.40625, 90605.359375, 107943.4453125, 136438.6875, 91961.7890625, 0.0, 0.0, 0.0, 0.0, 0.0, 0.0, 1.0
15446, 110494.796875, 143942.796875, 90602.21875, 107951.921875, 136447.78125, 91968.4609375, 0.0, 0.0, 0.0, 0.0, 0.0, 0.0, 1.0
15466, 110491.2109375, 143947.40625, 90604.1796875, 107946.2734375, 136443.765625, 91966.9375, 0.0, 0.0, 0.0, 0.0, 0.0, 0.0, 1.0
15486, 110490.515625, 143942.796875, 90602.21875, 107948.3984375, 136441.484375, 91965.734375, 0.0, 0.0, 0.0, 0.0, 0.0, 0.0, 1.0
15505, 110490.515625, 143943.28125, 90603.0, 107948.390625, 136443.765625, 91969.671875, 0.0, 0.0, 0.0, 0.0, 0.0, 0.0, 1.0
15525, 110497.6328125, 143933.578125, 90603.3984375, 107942.7421875, 136444.984375, 91964.5234375, 0.0, 0.0, 0.0, 0.0, 0.0, 0.0, 1.0
15545, 110490.4921875, 143940.0, 90596.34375, 107953.3359375, 136441.484375, 91963.3125, 0.0, 0.0, 0.0, 0.0, 0.0, 0.0, 1.0
15565, 110488.375, 143936.375, 90605.359375, 107949.1015625, 136432.375, 91966.4921875, 0.0, 0.0, 0.0, 0.0, 0.0, 0.0, 1.0
15585, 110487.6484375, 143942.296875, 90601.0390625, 107952.6328125, 136443.234375, 91964.5234375, 0.0, 0.0, 0.0, 0.0, 0.0, 0.0, 1.0
15605, 110486.234375, 143938.671875, 90602.21875, 107955.453125, 136439.203125, 91967.25, 0.0, 0.0, 0.0, 0.0, 0.0, 0.0, 1.0
15625, 110494.0703125, 143942.796875, 90597.125, 107942.7421875, 136440.953125, 91971.640625, 0.0, 0.0, 0.0, 0.0, 0.0, 0.0, 1.0
15645, 110491.2109375, 143940.984375, 90604.1796875, 107952.6328125, 136430.625, 91969.671875, 0.0, 0.0, 0.0, 0.0, 0.0, 0.0, 1.0
15665, 110498.3515625, 143934.546875, 90598.703125, 107946.2734375, 136434.65625, 91971.640625, 0.0, 0.0, 0.0, 0.0, 0.0, 0.0, 1.0
15685, 110495.4921875, 143945.09375, 90596.7421875, 107949.1015625, 136440.953125, 91962.5546875, 0.0, 0.0, 0.0, 0.0, 0.0, 0.0, 1.0
15705, 110491.9296875, 143943.28125, 90594.390625, 107955.453125, 136436.40625, 91966.4921875, 0.0, 0.0, 0.0, 0.0, 0.0, 0.0, 1.0
15725, 110492.65625, 143949.21875, 90601.4375, 107951.21875, 136440.4375, 91969.671875, 0.0, 0.0, 0.0, 0.0, 0.0, 0.0, 1.0
15745, 110498.3515625, 143949.703125, 90599.484375, 107951.21875, 136434.65625, 91971.640625, 0.0, 0.0, 0.0, 0.0, 0.0, 0.0, 1.0
15765, 110503.3359375, 143942.796875, 90595.1640625, 107954.75, 136436.9375, 91970.875, 0.0, 0.0, 0.0, 0.0, 0.0, 0.0, 1.0
15785, 110502.6328125, 143943.28125, 90596.34375, 107950.515625, 136438.15625, 91963.7578125, 0.0, 0.0, 0.0, 0.0, 0.0, 0.0, 1.0
15805, 110495.4921875, 143949.21875, 90598.703125, 107946.9765625, 136438.6875, 91967.703125, 0.0, 0.0, 0.0, 0.0, 0.0, 0.0, 1.0
15825, 110495.4921875, 143947.40625, 90600.2578125, 107956.875, 136440.4375, 91965.734375, 0.0, 0.0, 0.0, 0.0, 0.0, 0.0, 1.0
15845, 110500.4921875, 143946.078125, 90598.3046875, 107949.8046875, 136440.953125, 91971.640625, 0.0, 0.0, 0.0, 0.0, 0.0, 0.0, 1.0
15865, 110495.4921875, 143947.40625, 90593.609375, 107958.9921875, 136442.71875, 91971.640625, 0.0, 0.0, 0.0, 0.0, 0.0, 0.0, 1.0
15885, 110501.9140625, 143947.40625, 90594.390625, 107954.75, 136436.9375, 91968.4609375, 0.0, 0.0, 0.0, 0.0, 0.0, 0.0, 1.0
15905, 110499.0546875, 143949.21875, 90592.4296875, 107956.171875, 136438.6875, 91971.640625, 0.0, 0.0, 0.0, 0.0, 0.0, 0.0, 1.0
15925, 110497.6328125, 143945.59375, 90594.390625, 107951.21875, 136438.6875, 91969.671875, 0.0, 0.0, 0.0, 0.0, 0.0, 0.0, 1.0
15945, 110490.4921875, 143948.734375, 90599.484375, 107954.75, 136447.265625, 91970.875, 0.0, 0.0, 0.0, 0.0, 0.0, 0.0, 1.0
15965, 110494.0703125, 143944.609375, 90601.4375, 107949.1015625, 136437.453125, 91970.875, 0.0, 0.0, 0.0, 0.0, 0.0, 0.0, 1.0
15985, 110494.0703125, 143943.765625, 90601.4375, 107949.1015625, 136440.953125, 91970.4296875, 0.0, 0.0, 0.0, 0.0, 0.0, 0.0, 1.0
16005, 110493.3515625, 143943.28125, 90592.4296875, 107950.515625, 136444.984375, 91969.671875, 0.0, 0.0, 0.0, 0.0, 0.0, 0.0, 1.0
16025, 110495.4921875, 143942.796875, 90588.515625, 107950.515625, 136437.453125, 91970.875, 0.0, 0.0, 0.0, 0.0, 0.0, 0.0, 1.0
16045, 110499.7734375, 143951.515625, 90597.5234375, 107955.4609375, 136433.421875, 91970.4296875, 0.0, 0.0, 0.0, 0.0, 0.0, 0.0, 1.0
16065, 110499.078125, 143940.984375, 90588.515625, 107952.6328125, 136440.4375, 91976.3359375, 0.0, 0.0, 0.0, 0.0, 0.0, 0.0, 1.0
16085, 110501.9140625, 143945.59375, 90591.6484375, 107957.578125, 136447.78125, 91968.4609375, 0.0, 0.0, 0.0, 0.0, 0.0, 0.0, 1.0
16105, 110502.6328125, 143943.28125, 90592.4296875, 107957.578125, 136434.65625, 91973.609375, 0.0, 0.0, 0.0, 0.0, 0.0, 0.0, 1.0
16125, 110494.7734375, 143942.796875, 90597.5234375, 107947.6875, 136443.765625, 91974.3671875, 0.0, 0.0, 0.0, 0.0, 0.0, 0.0, 1.0
16146, 110496.2109375, 143949.703125, 90592.828125, 107949.8046875, 136436.9375, 91972.3984375, 0.0, 0.0, 0.0, 0.0, 0.0, 0.0, 1.0
16165, 110494.0703125, 143949.21875, 90594.390625, 107957.578125, 136443.234375, 91976.3359375, 0.0, 0.0, 0.0, 0.0, 0.0, 0.0, 1.0
16185, 110499.7734375, 143940.984375, 90582.640625, 107953.3359375, 136440.953125, 91970.4296875, 0.0, 0.0, 0.0, 0.0, 0.0, 0.0, 1.0
16205, 110492.65625, 143947.40625, 90593.609375, 107950.515625, 136440.953125, 91974.3671875, 0.0, 0.0, 0.0, 0.0, 0.0, 0.0, 1.0
16225, 110500.4921875, 143946.078125, 90595.9609375, 107954.75, 136440.953125, 91978.7578125, 0.0, 0.0, 0.0, 0.0, 0.0, 0.0, 1.0
16245, 110501.9140625, 143951.515625, 90590.46875, 107952.6328125, 136438.6875, 91972.3984375, 0.0, 0.0, 0.0, 0.0, 0.0, 0.0, 1.0
16265, 110496.2109375, 143945.59375, 90592.4296875, 107953.3359375, 136438.15625, 91972.3984375, 0.0, 0.0, 0.0, 0.0, 0.0, 0.0, 1.0
16285, 110497.6328125, 143942.796875, 90593.609375, 107951.21875, 136438.6875, 91974.3671875, 0.0, 0.0, 0.0, 0.0, 0.0, 0.0, 1.0
16305, 110500.4921875, 143945.09375, 90595.5625, 107949.1015625, 136435.171875, 91977.546875, 0.0, 0.0, 0.0, 0.0, 0.0, 0.0, 1.0
16325, 110493.3515625, 143950.203125, 90588.515625, 107949.1015625, 136438.6875, 91975.578125, 0.0, 0.0, 0.0, 0.0, 0.0, 0.0, 1.0
16345, 110500.4921875, 143949.703125, 90593.609375, 107946.9765625, 136436.9375, 91971.640625, 0.0, 0.0, 0.0, 0.0, 0.0, 0.0, 1.0
16365, 110502.6171875, 143949.21875, 90588.9140625, 107951.21875, 136441.484375, 91981.484375, 0.0, 0.0, 0.0, 0.0, 0.0, 0.0, 1.0
16385, 110502.6328125, 143953.828125, 90591.6484375, 107956.875, 136440.953125, 91977.546875, 0.0, 0.0, 0.0, 0.0, 0.0, 0.0, 1.0
16405, 110496.2109375, 143949.703125, 90583.8203125, 107954.75, 136440.953125, 91977.546875, 0.0, 0.0, 0.0, 0.0, 0.0, 0.0, 1.0
16425, 110498.3515625, 143949.703125, 90587.3359375, 107954.0390625, 136438.15625, 91977.546875, 0.0, 0.0, 0.0, 0.0, 0.0, 0.0, 1.0
16445, 110495.4921875, 143943.28125, 90591.25, 107959.6953125, 136436.9375, 91981.484375, 0.0, 0.0, 0.0, 0.0, 0.0, 0.0, 1.0
16466, 110501.1953125, 143952.015625, 90584.9921875, 107954.75, 136440.953125, 91976.3359375, 0.0, 0.0, 0.0, 0.0, 0.0, 0.0, 1.0
16485, 110496.9140625, 143961.234375, 90587.734375, 107946.9765625, 136441.484375, 91981.484375, 0.0, 0.0, 0.0, 0.0, 0.0, 0.0, 1.0
16505, 110491.9296875, 143949.703125, 90591.6484375, 107949.1015625, 136440.4375, 91981.484375, 0.0, 0.0, 0.0, 0.0, 0.0, 0.0, 1.0
16526, 110504.0546875, 143947.890625, 90590.8671875, 107957.578125, 136442.71875, 91980.7265625, 0.0, 0.0, 0.0, 0.0, 0.0, 0.0, 1.0
16545, 110499.0546875, 143956.125, 90586.953125, 107956.875, 136443.234375, 91976.3359375, 0.0, 0.0, 0.0, 0.0, 0.0, 0.0, 1.0
16565, 110495.4921875, 143952.015625, 90583.8203125, 107951.21875, 136434.65625, 91977.546875, 0.0, 0.0, 0.0, 0.0, 0.0, 0.0, 1.0
16585, 110497.6328125, 143945.09375, 90581.4609375, 107948.3984375, 136449.546875, 91971.1875, 0.0, 0.0, 0.0, 0.0, 0.0, 0.0, 1.0
16606, 110498.3515625, 143946.90625, 90579.8984375, 107946.2734375, 136434.65625, 91979.515625, 0.0, 0.0, 0.0, 0.0, 0.0, 0.0, 1.0
16625, 110499.7734375, 143942.296875, 90586.5546875, 107957.5859375, 136438.15625, 91974.3671875, 0.0, 0.0, 0.0, 0.0, 0.0, 0.0, 1.0
16645, 110505.4765625, 143952.5, 90579.5078125, 107955.453125, 136440.953125, 91981.484375, 0.0, 0.0, 0.0, 0.0, 0.0, 0.0, 1.0
16665, 110506.9140625, 143940.984375, 90580.28125, 107956.875, 136442.71875, 91974.3671875, 0.0, 0.0, 0.0, 0.0, 0.0, 0.0, 1.0
16685, 110499.7734375, 143947.40625, 90589.296875, 107956.171875, 136439.203125, 91978.7578125, 0.0, 0.0, 0.0, 0.0, 0.0, 0.0, 1.0
16705, 110504.7734375, 143958.4375, 90582.640625, 107947.6875, 136436.9375, 91979.515625, 0.0, 0.0, 0.0, 0.0, 0.0, 0.0, 1.0
16725, 110506.1953125, 143956.625, 90579.8984375, 107958.9921875, 136432.375, 91976.7890625, 0.0, 0.0, 0.0, 0.0, 0.0, 0.0, 1.0
16745, 110501.9140625, 143940.984375, 90585.7734375, 107956.171875, 136440.953125, 91983.8984375, 0.0, 0.0, 0.0, 0.0, 0.0, 0.0, 1.0
16765, 110502.6328125, 143947.890625, 90579.8984375, 107949.1015625, 136435.890625, 91981.484375, 0.0, 0.0, 0.0, 0.0, 0.0, 0.0, 1.0
16785, 110502.6328125, 143947.890625, 90587.734375, 107950.515625, 136442.71875, 91983.453125, 0.0, 0.0, 0.0, 0.0, 0.0, 0.0, 1.0
16805, 110499.7734375, 143952.015625, 90579.5078125, 107949.8046875, 136434.65625, 91979.0703125, 0.0, 0.0, 0.0, 0.0, 0.0, 0.0, 1.0
16825, 110497.6328125, 143949.21875, 90583.8203125, 107953.3359375, 136443.765625, 91982.6953125, 0.0, 0.0, 0.0, 0.0, 0.0, 0.0, 1.0
16845, 110498.3515625, 143952.015625, 90575.984375, 107951.21875, 136438.6875, 91981.484375, 0.0, 0.0, 0.0, 0.0, 0.0, 0.0, 1.0
16865, 110505.4765625, 143945.09375, 90578.7265625, 107951.921875, 136427.3125, 91978.3046875, 0.0, 0.0, 0.0, 0.0, 0.0, 0.0, 1.0
16885, 110501.1953125, 143950.203125, 90583.8203125, 107961.8125, 136439.203125, 91984.6640625, 0.0, 0.0, 0.0, 0.0, 0.0, 0.0, 1.0
16905, 110504.0546875, 143947.40625, 90581.078125, 107957.578125, 136438.6875, 91978.3046875, 0.0, 0.0, 0.0, 0.0, 0.0, 0.0, 1.0
16925, 110507.6171875, 143954.8125, 90585.7734375, 107955.453125, 136431.859375, 91982.6953125, 0.0, 0.0, 0.0, 0.0, 0.0, 0.0, 1.0
16945, 110501.1953125, 143952.015625, 90581.078125, 107957.578125, 136436.40625, 91982.6953125, 0.0, 0.0, 0.0, 0.0, 0.0, 0.0, 1.0
16965, 110496.9140625, 143958.4375, 90575.5859375, 107958.2890625, 136434.125, 91979.515625, 0.0, 0.0, 0.0, 0.0, 0.0, 0.0, 1.0
16985, 110500.4921875, 143951.03125, 90575.5859375, 107953.3359375, 136442.1875, 91982.6953125, 0.0, 0.0, 0.0, 0.0, 0.0, 0.0, 1.0
17005, 110491.9296875, 143949.21875, 90575.984375, 107949.1015625, 136436.40625, 91985.421875, 0.0, 0.0, 0.0, 0.0, 0.0, 0.0, 1.0
17025, 110501.9140625, 143952.015625, 90577.1640625, 107954.75, 136439.203125, 91982.6953125, 0.0, 0.0, 0.0, 0.0, 0.0, 0.0, 1.0
17045, 110494.796875, 143945.09375, 90581.078125, 107945.5703125, 136436.9375, 91984.2109375, 0.0, 0.0, 0.0, 0.0, 0.0, 0.0, 1.0
17065, 110495.4921875, 143954.3125, 90574.03125, 107948.3984375, 136437.453125, 91985.421875, 0.0, 0.0, 0.0, 0.0, 0.0, 0.0, 1.0
17085, 110504.0546875, 143957.953125, 90581.078125, 107950.515625, 136447.265625, 91977.546875, 0.0, 0.0, 0.0, 0.0, 0.0, 0.0, 1.0
17105, 110497.6328125, 143958.4375, 90572.8515625, 107956.171875, 136444.984375, 91980.2734375, 0.0, 0.0, 0.0, 0.0, 0.0, 0.0, 1.0
17125, 110501.9140625, 143945.59375, 90570.890625, 107959.6953125, 136436.40625, 91981.484375, 0.0, 0.0, 0.0, 0.0, 0.0, 0.0, 1.0
17145, 110499.7734375, 143940.984375, 90570.109375, 107954.75, 136439.203125, 91981.484375, 0.0, 0.0, 0.0, 0.0, 0.0, 0.0, 1.0
17166, 110499.0546875, 143958.921875, 90570.890625, 107949.8046875, 136435.171875, 91986.6328125, 0.0, 0.0, 0.0, 0.0, 0.0, 0.0, 1.0
17185, 110496.2109375, 143955.640625, 90574.03125, 107953.3359375, 136439.203125, 91981.484375, 0.0, 0.0, 0.0, 0.0, 0.0, 0.0, 1.0
17205, 110497.6328125, 143956.625, 90569.71875, 107954.0390625, 136430.625, 91981.484375, 0.0, 0.0, 0.0, 0.0, 0.0, 0.0, 1.0
17226, 110497.6328125, 143956.625, 90579.8984375, 107951.921875, 136444.984375, 91987.390625, 0.0, 0.0, 0.0, 0.0, 0.0, 0.0, 1.0
17245, 110498.3515625, 143947.40625, 90578.7265625, 107946.9765625, 136430.625, 91991.328125, 0.0, 0.0, 0.0, 0.0, 0.0, 0.0, 1.0
17265, 110499.7734375, 143956.625, 90574.8046875, 107950.515625, 136435.171875, 91974.3671875, 0.0, 0.0, 0.0, 0.0, 0.0, 0.0, 1.0
17285, 110497.6328125, 143956.125, 90572.0703125, 107946.9765625, 136436.9375, 91983.453125, 0.0, 0.0, 0.0, 0.0, 0.0, 0.0, 1.0
17305, 110499.0546875, 143952.015625, 90573.6328125, 107949.8125, 136440.953125, 91981.0390625, 0.0, 0.0, 0.0, 0.0, 0.0, 0.0, 1.0
17325, 110501.9140625, 143949.21875, 90572.0703125, 107961.109375, 136436.40625, 91984.6640625, 0.0, 0.0, 0.0, 0.0, 0.0, 0.0, 1.0
17345, 110491.9296875, 143954.8125, 90566.1953125, 107947.6875, 136440.4375, 91983.453125, 0.0, 0.0, 0.0, 0.0, 0.0, 0.0, 1.0
17365, 110494.7734375, 143956.125, 90571.671875, 107946.2734375, 136435.890625, 91979.515625, 0.0, 0.0, 0.0, 0.0, 0.0, 0.0, 1.0
17385, 110498.3515625, 143950.203125, 90572.0703125, 107949.1015625, 136439.203125, 91986.6328125, 0.0, 0.0, 0.0, 0.0, 0.0, 0.0, 1.0
17405, 110499.7734375, 143945.59375, 90575.984375, 107938.5, 136436.40625, 91983.453125, 0.0, 0.0, 0.0, 0.0, 0.0, 0.0, 1.0
17425, 110495.4921875, 143952.015625, 90570.890625, 107950.515625, 136428.359375, 91983.453125, 0.0, 0.0, 0.0, 0.0, 0.0, 0.0, 1.0
17445, 110495.4921875, 143952.5, 90575.203125, 107950.515625, 136440.4375, 91982.2421875, 0.0, 0.0, 0.0, 0.0, 0.0, 0.0, 1.0
17465, 110501.1953125, 143956.625, 90572.8515625, 107948.3984375, 136434.125, 91980.7265625, 0.0, 0.0, 0.0, 0.0, 0.0, 0.0, 1.0
17485, 110499.7734375, 143959.765625, 90566.9765625, 107949.8046875, 136435.359375, 91984.2109375, 0.0, 0.0, 0.0, 0.0, 0.0, 0.0, 1.0
17505, 110509.0546875, 143953.828125, 90566.1953125, 107951.21875, 136430.109375, 91990.5703125, 0.0, 0.0, 0.0, 0.0, 0.0, 0.0, 1.0
17526, 110497.6328125, 143952.5, 90569.328125, 107958.9921875, 136438.15625, 91979.515625, 0.0, 0.0, 0.0, 0.0, 0.0, 0.0, 1.0
17545, 110499.0546875, 143956.625, 90574.8046875, 107945.5703125, 136432.90625, 91988.15625, 0.0, 0.0, 0.0, 0.0, 0.0, 0.0, 1.0
17565, 110504.7578125, 143947.890625, 90572.8515625, 107956.875, 136435.171875, 91981.484375, 0.0, 0.0, 0.0, 0.0, 0.0, 0.0, 1.0
17585, 110494.0703125, 143955.640625, 90570.890625, 107946.9765625, 136443.234375, 91986.6328125, 0.0, 0.0, 0.0, 0.0, 0.0, 0.0, 1.0
17605, 110497.6328125, 143948.375, 90565.015625, 107951.21875, 136439.203125, 91986.1796875, 0.0, 0.0, 0.0, 0.0, 0.0, 0.0, 1.0
17625, 110506.1953125, 143954.3125, 90574.03125, 107951.9296875, 136436.40625, 91983.453125, 0.0, 0.0, 0.0, 0.0, 0.0, 0.0, 1.0
17645, 110497.6328125, 143954.3125, 90574.03125, 107948.3984375, 136436.40625, 91983.453125, 0.0, 0.0, 0.0, 0.0, 0.0, 0.0, 1.0
17665, 110504.0546875, 143957.953125, 90568.15625, 107952.6328125, 136442.71875, 91986.1796875, 0.0, 0.0, 0.0, 0.0, 0.0, 0.0, 1.0
17685, 110501.9140625, 143954.3125, 90572.0703125, 107946.2734375, 136438.15625, 91977.546875, 0.0, 0.0, 0.0, 0.0, 0.0, 0.0, 1.0
17705, 110498.3359375, 143949.21875, 90568.9375, 107954.75, 136436.40625, 91984.6640625, 0.0, 0.0, 0.0, 0.0, 0.0, 0.0, 1.0
17725, 110495.4921875, 143956.625, 90568.15625, 107954.75, 136442.1875, 91979.515625, 0.0, 0.0, 0.0, 0.0, 0.0, 0.0, 1.0
17745, 110501.9140625, 143956.625, 90569.328125, 107951.921875, 136444.46875, 91985.421875, 0.0, 0.0, 0.0, 0.0, 0.0, 0.0, 1.0
17765, 110503.3359375, 143953.828125, 90569.328125, 107949.109375, 136438.15625, 91979.515625, 0.0, 0.0, 0.0, 0.0, 0.0, 0.0, 1.0
17785, 110497.6328125, 143954.3125, 90569.328125, 107956.1640625, 136432.90625, 91988.6015625, 0.0, 0.0, 0.0, 0.0, 0.0, 0.0, 1.0
17805, 110496.2109375, 143954.8125, 90562.28125, 107958.9921875, 136432.375, 91988.15625, 0.0, 0.0, 0.0, 0.0, 0.0, 0.0, 1.0
17826, 110499.0546875, 143953.828125, 90557.96875, 107948.3984375, 136438.15625, 91989.359375, 0.0, 0.0, 0.0, 0.0, 0.0, 0.0, 1.0
17846, 110501.1953125, 143949.703125, 90561.1015625, 107946.9765625, 136430.109375, 91983.453125, 0.0, 0.0, 0.0, 0.0, 0.0, 0.0, 1.0
17866, 110501.1953125, 143952.015625, 90563.0625, 107955.453125, 136436.40625, 91989.359375, 0.0, 0.0, 0.0, 0.0, 0.0, 0.0, 1.0
17885, 110499.7734375, 143952.015625, 90564.2421875, 107950.515625, 136438.6875, 91985.421875, 0.0, 0.0, 0.0, 0.0, 0.0, 0.0, 1.0
17905, 110504.0546875, 143952.015625, 90567.375, 107956.875, 136438.6875, 91983.453125, 0.0, 0.0, 0.0, 0.0, 0.0, 0.0, 1.0
17925, 110496.9140625, 143953.828125, 90563.0625, 107951.21875, 136440.953125, 91983.453125, 0.0, 0.0, 0.0, 0.0, 0.0, 0.0, 1.0
17945, 110502.6328125, 143954.8125, 90559.546875, 107958.28125, 136436.40625, 91979.515625, 0.0, 0.0, 0.0, 0.0, 0.0, 0.0, 1.0
17965, 110506.8984375, 143953.828125, 90565.4140625, 107959.6953125, 136438.15625, 91984.6640625, 0.0, 0.0, 0.0, 0.0, 0.0, 0.0, 1.0
17985, 110499.7734375, 143952.015625, 90555.625, 107951.21875, 136425.546875, 91989.359375, 0.0, 0.0, 0.0, 0.0, 0.0, 0.0, 1.0
18005, 110501.1953125, 143954.3125, 90564.2421875, 107958.9921875, 136438.15625, 91987.390625, 0.0, 0.0, 0.0, 0.0, 0.0, 0.0, 1.0
18025, 110496.9140625, 143958.921875, 90563.0625, 107952.6328125, 136438.6875, 91989.359375, 0.0, 0.0, 0.0, 0.0, 0.0, 0.0, 1.0
18045, 110501.9140625, 143957.109375, 90559.9296875, 107951.2265625, 136430.8125, 91988.6015625, 0.0, 0.0, 0.0, 0.0, 0.0, 0.0, 1.0
18065, 110494.7734375, 143958.4375, 90557.1875, 107942.7421875, 136430.625, 91984.2109375, 0.0, 0.0, 0.0, 0.0, 0.0, 0.0, 1.0
18085, 110500.4921875, 143957.453125, 90561.1015625, 107946.2734375, 136440.4375, 91985.421875, 0.0, 0.0, 0.0, 0.0, 0.0, 0.0, 1.0
18105, 110500.4921875, 143952.5, 90559.546875, 107949.1015625, 136435.890625, 91983.453125, 0.0, 0.0, 0.0, 0.0, 0.0, 0.0, 1.0
18125, 110506.8984375, 143954.3125, 90563.0625, 107950.515625, 136432.375, 91987.390625, 0.0, 0.0, 0.0, 0.0, 0.0, 0.0, 1.0
18145, 110495.4921875, 143952.015625, 90553.2734375, 107949.8046875, 136441.484375, 91987.390625, 0.0, 0.0, 0.0, 0.0, 0.0, 0.0, 1.0
18165, 110499.7734375, 143956.625, 90557.1875, 107953.3359375, 136435.890625, 91992.5390625, 0.0, 0.0, 0.0, 0.0, 0.0, 0.0, 1.0
18186, 110493.3515625, 143953.34375, 90562.28125, 107954.75, 136436.40625, 91994.5078125, 0.0, 0.0, 0.0, 0.0, 0.0, 0.0, 1.0
18206, 110504.7578125, 143960.734375, 90556.40625, 107958.9921875, 136435.359375, 91994.5078125, 0.0, 0.0, 0.0, 0.0, 0.0, 0.0, 1.0
18226, 110497.6328125, 143952.5, 90566.9765625, 107962.5234375, 136437.640625, 91991.328125, 0.0, 0.0, 0.0, 0.0, 0.0, 0.0, 1.0
18245, 110501.1953125, 143960.734375, 90560.3203125, 107946.9765625, 136427.3125, 91988.15625, 0.0, 0.0, 0.0, 0.0, 0.0, 0.0, 1.0
18265, 110494.7734375, 143954.3125, 90554.453125, 107944.15625, 136427.828125, 91987.390625, 0.0, 0.0, 0.0, 0.0, 0.0, 0.0, 1.0
18285, 110495.4921875, 143952.5, 90550.140625, 107942.7421875, 136431.859375, 91990.5703125, 0.0, 0.0, 0.0, 0.0, 0.0, 0.0, 1.0
18305, 110499.7734375, 143949.703125, 90560.3203125, 107952.6328125, 136435.890625, 91991.328125, 0.0, 0.0, 0.0, 0.0, 0.0, 0.0, 1.0
18325, 110498.3515625, 143960.734375, 90554.453125, 107949.1015625, 136436.9375, 91987.390625, 0.0, 0.0, 0.0, 0.0, 0.0, 0.0, 1.0
18345, 110501.9140625, 143946.90625, 90553.671875, 107951.21875, 136438.15625, 91990.5703125, 0.0, 0.0, 0.0, 0.0, 0.0, 0.0, 1.0
18365, 110503.3359375, 143956.125, 90556.40625, 107959.703125, 136436.40625, 91982.6953125, 0.0, 0.0, 0.0, 0.0, 0.0, 0.0, 1.0
18385, 110504.7578125, 143958.4375, 90565.015625, 107955.4609375, 136436.9375, 91988.6015625, 0.0, 0.0, 0.0, 0.0, 0.0, 0.0, 1.0
18405, 110494.7734375, 143956.625, 90557.96875, 107950.515625, 136434.65625, 91988.15625, 0.0, 0.0, 0.0, 0.0, 0.0, 0.0, 1.0
18425, 110499.7734375, 143952.015625, 90565.015625, 107946.9765625, 136434.125, 91985.421875, 0.0, 0.0, 0.0, 0.0, 0.0, 0.0, 1.0
18445, 110506.1796875, 143949.703125, 90555.625, 107963.2265625, 136431.859375, 91990.125, 0.0, 0.0, 0.0, 0.0, 0.0, 0.0, 1.0
18465, 110501.1953125, 143952.015625, 90557.5859375, 107949.8125, 136435.359375, 91991.328125, 0.0, 0.0, 0.0, 0.0, 0.0, 0.0, 1.0
18485, 110503.3359375, 143963.046875, 90559.546875, 107954.046875, 136442.1875, 91991.328125, 0.0, 0.0, 0.0, 0.0, 0.0, 0.0, 1.0
18505, 110496.9140625, 143953.828125, 90564.2421875, 107946.2734375, 136432.90625, 91992.09375, 0.0, 0.0, 0.0, 0.0, 0.0, 0.0, 1.0
18525, 110497.6328125, 143963.53125, 90562.28125, 107946.9765625, 136436.40625, 91993.296875, 0.0, 0.0, 0.0, 0.0, 0.0, 0.0, 1.0
18545, 110501.9140625, 143963.046875, 90555.625, 107944.15625, 136439.203125, 91993.296875, 0.0, 0.0, 0.0, 0.0, 0.0, 0.0, 1.0
18565, 110501.9140625, 143953.828125, 90561.1015625, 107955.453125, 136440.4375, 91986.1796875, 0.0, 0.0, 0.0, 0.0, 0.0, 0.0, 1.0
18585, 110506.1953125, 143956.625, 90553.2734375, 107954.0390625, 136436.40625, 91992.5390625, 0.0, 0.0, 0.0, 0.0, 0.0, 0.0, 1.0
18605, 110507.6171875, 143953.828125, 90551.7109375, 107954.046875, 136433.609375, 91992.09375, 0.0, 0.0, 0.0, 0.0, 0.0, 0.0, 1.0
18625, 110506.8984375, 143953.828125, 90555.625, 107951.9296875, 136428.359375, 91991.328125, 0.0, 0.0, 0.0, 0.0, 0.0, 0.0, 1.0
18645, 110502.6171875, 143966.671875, 90564.2421875, 107954.75, 136432.375, 91996.4765625, 0.0, 0.0, 0.0, 0.0, 0.0, 0.0, 1.0
18665, 110501.9140625, 143956.625, 90560.3203125, 107950.515625, 136440.4375, 91990.125, 0.0, 0.0, 0.0, 0.0, 0.0, 0.0, 1.0
18685, 110497.6328125, 143963.53125, 90560.3203125, 107948.3984375, 136436.40625, 91989.359375, 0.0, 0.0, 0.0, 0.0, 0.0, 0.0, 1.0
18705, 110508.3359375, 143949.703125, 90558.3671875, 107949.1015625, 136431.859375, 91997.2421875, 0.0, 0.0, 0.0, 0.0, 0.0, 0.0, 1.0
18725, 110489.7890625, 143960.734375, 90553.671875, 107950.515625, 136431.859375, 91993.296875, 0.0, 0.0, 0.0, 0.0, 0.0, 0.0, 1.0
18745, 110501.1953125, 143956.625, 90562.28125, 107949.8125, 136435.890625, 91989.359375, 0.0, 0.0, 0.0, 0.0, 0.0, 0.0, 1.0
18765, 110506.1953125, 143960.734375, 90550.5390625, 107949.8125, 136436.9375, 91991.328125, 0.0, 0.0, 0.0, 0.0, 0.0, 0.0, 1.0
18785, 110496.2109375, 143958.4375, 90556.8046875, 107952.6328125, 136432.375, 91996.03125, 0.0, 0.0, 0.0, 0.0, 0.0, 0.0, 1.0
18805, 110499.0546875, 143960.734375, 90553.2734375, 107949.1015625, 136431.859375, 91993.296875, 0.0, 0.0, 0.0, 0.0, 0.0, 0.0, 1.0
18825, 110503.3359375, 143954.3125, 90555.625, 107954.046875, 136433.609375, 91993.296875, 0.0, 0.0, 0.0, 0.0, 0.0, 0.0, 1.0
18845, 110499.7734375, 143964.859375, 90558.765625, 107949.8125, 136431.328125, 91995.2734375, 0.0, 0.0, 0.0, 0.0, 0.0, 0.0, 1.0
18865, 110495.4921875, 143957.953125, 90554.453125, 107949.8125, 136436.40625, 91998.0, 0.0, 0.0, 0.0, 0.0, 0.0, 0.0, 1.0
18885, 110489.0703125, 143967.171875, 90555.625, 107946.9765625, 136435.359375, 91996.03125, 0.0, 0.0, 0.0, 0.0, 0.0, 0.0, 1.0
18905, 110501.1953125, 143963.046875, 90553.671875, 107955.453125, 136433.609375, 91994.0625, 0.0, 0.0, 0.0, 0.0, 0.0, 0.0, 1.0
18926, 110494.7734375, 143956.125, 90559.546875, 107956.171875, 136436.40625, 91992.09375, 0.0, 0.0, 0.0, 0.0, 0.0, 0.0, 1.0
18945, 110495.4921875, 143956.125, 90560.71875, 107954.75, 136434.65625, 91991.328125, 0.0, 0.0, 0.0, 0.0, 0.0, 0.0, 1.0
18965, 110497.6328125, 143949.703125, 90556.40625, 107956.171875, 136434.65625, 91995.2734375, 0.0, 0.0, 0.0, 0.0, 0.0, 0.0, 1.0
18985, 110504.0546875, 143954.8125, 90550.5390625, 107953.3359375, 136432.375, 91994.8203125, 0.0, 0.0, 0.0, 0.0, 0.0, 0.0, 1.0
19005, 110504.7578125, 143956.125, 90556.40625, 107952.6328125, 136434.65625, 91987.390625, 0.0, 0.0, 0.0, 0.0, 0.0, 0.0, 1.0
19025, 110504.0546875, 143960.25, 90557.984375, 107948.3984375, 136438.6875, 91999.2109375, 0.0, 0.0, 0.0, 0.0, 0.0, 0.0, 1.0
19045, 110499.0546875, 143952.5, 90552.4921875, 107951.21875, 136432.375, 92000.421875, 0.0, 0.0, 0.0, 0.0, 0.0, 0.0, 1.0
19065, 110501.1953125, 143954.3125, 90545.4453125, 107942.0390625, 136429.578125, 92001.9375, 0.0, 0.0, 0.0, 0.0, 0.0, 0.0, 1.0
19085, 110494.7734375, 143949.703125, 90547.796875, 107937.0859375, 136436.40625, 91999.2109375, 0.0, 0.0, 0.0, 0.0, 0.0, 0.0, 1.0
19105, 110491.2109375, 143952.5, 90551.7109375, 107947.6875, 136439.90625, 92001.1796875, 0.0, 0.0, 0.0, 0.0, 0.0, 0.0, 1.0
19125, 110490.4921875, 143956.125, 90550.9296875, 107950.515625, 136438.15625, 91998.4453125, 0.0, 0.0, 0.0, 0.0, 0.0, 0.0, 1.0
19145, 110495.4921875, 143953.828125, 90542.703125, 107951.9296875, 136438.15625, 91997.2421875, 0.0, 0.0, 0.0, 0.0, 0.0, 0.0, 1.0
19165, 110505.4765625, 143958.921875, 90547.796875, 107946.2734375, 136444.984375, 91999.2109375, 0.0, 0.0, 0.0, 0.0, 0.0, 0.0, 1.0
19185, 110495.4921875, 143958.4375, 90556.8046875, 107954.75, 136431.859375, 91994.0625, 0.0, 0.0, 0.0, 0.0, 0.0, 0.0, 1.0
19205, 110501.1953125, 143956.125, 90552.4921875, 107951.9296875, 136425.03125, 91998.4453125, 0.0, 0.0, 0.0, 0.0, 0.0, 0.0, 1.0
19225, 110496.9140625, 143963.53125, 90555.625, 107954.75, 136431.328125, 92001.625, 0.0, 0.0, 0.0, 0.0, 0.0, 0.0, 1.0
19245, 110494.7734375, 143956.125, 90548.578125, 107949.8125, 136438.15625, 92006.328125, 0.0, 0.0, 0.0, 0.0, 0.0, 0.0, 1.0
19266, 110493.3515625, 143958.921875, 90548.1953125, 107950.515625, 136435.171875, 91996.03125, 0.0, 0.0, 0.0, 0.0, 0.0, 0.0, 1.0
19286, 110499.7734375, 143967.171875, 90551.7109375, 107942.7421875, 136440.4375, 91994.0625, 0.0, 0.0, 0.0, 0.0, 0.0, 0.0, 1.0
19305, 110499.7578125, 143960.734375, 90544.6640625, 107946.2734375, 136438.6875, 92003.1484375, 0.0, 0.0, 0.0, 0.0, 0.0, 0.0, 1.0
19325, 110499.0546875, 143955.640625, 90545.84375, 107949.8125, 136438.6875, 92002.390625, 0.0, 0.0, 0.0, 0.0, 0.0, 0.0, 1.0
19345, 110494.7734375, 143960.734375, 90547.796875, 107955.453125, 136434.125, 91998.4453125, 0.0, 0.0, 0.0, 0.0, 0.0, 0.0, 1.0
19365, 110498.3359375, 143958.921875, 90548.578125, 107948.3984375, 136436.40625, 91997.6875, 0.0, 0.0, 0.0, 0.0, 0.0, 0.0, 1.0
19385, 110498.3359375, 143958.921875, 90546.6171875, 107954.75, 136438.6875, 91996.03125, 0.0, 0.0, 0.0, 0.0, 0.0, 0.0, 1.0
19405, 110498.3359375, 143956.625, 90545.84375, 107959.6953125, 136442.1875, 92001.1796875, 0.0, 0.0, 0.0, 0.0, 0.0, 0.0, 1.0
19425, 110494.7734375, 143952.5, 90543.8828125, 107952.6328125, 136430.8125, 92003.1484375, 0.0, 0.0, 0.0, 0.0, 0.0, 0.0, 1.0
19445, 110499.7734375, 143958.4375, 90551.7109375, 107949.1015625, 136434.125, 91995.2734375, 0.0, 0.0, 0.0, 0.0, 0.0, 0.0, 1.0
19465, 110499.0546875, 143962.5625, 90545.84375, 107944.15625, 136429.0625, 91998.4453125, 0.0, 0.0, 0.0, 0.0, 0.0, 0.0, 1.0
19485, 110496.9140625, 143962.5625, 90552.890625, 107948.3984375, 136436.40625, 92003.1484375, 0.0, 0.0, 0.0, 0.0, 0.0, 0.0, 1.0
19505, 110501.1953125, 143958.921875, 90548.9765625, 107948.3984375, 136434.65625, 92002.390625, 0.0, 0.0, 0.0, 0.0, 0.0, 0.0, 1.0
19525, 110506.1796875, 143960.734375, 90548.578125, 107949.109375, 136431.328125, 92000.421875, 0.0, 0.0, 0.0, 0.0, 0.0, 0.0, 1.0
19545, 110496.9140625, 143958.921875, 90554.0703125, 107954.75, 136438.15625, 91999.2109375, 0.0, 0.0, 0.0, 0.0, 0.0, 0.0, 1.0
19565, 110499.7578125, 143958.4375, 90552.890625, 107951.2265625, 136440.4375, 92002.390625, 0.0, 0.0, 0.0, 0.0, 0.0, 0.0, 1.0
19586, 110491.9296875, 143963.046875, 90547.796875, 107949.1015625, 136431.859375, 91997.2421875, 0.0, 0.0, 0.0, 0.0, 0.0, 0.0, 1.0
19605, 110499.7734375, 143962.5625, 90552.890625, 107946.2734375, 136431.859375, 91997.2421875, 0.0, 0.0, 0.0, 0.0, 0.0, 0.0, 1.0
19626, 110497.6328125, 143961.234375, 90548.578125, 107948.3984375, 136435.890625, 92003.1484375, 0.0, 0.0, 0.0, 0.0, 0.0, 0.0, 1.0
19646, 110501.1953125, 143963.046875, 90544.6640625, 107946.2734375, 136434.125, 91994.8203125, 0.0, 0.0, 0.0, 0.0, 0.0, 0.0, 1.0
19665, 110500.4765625, 143950.203125, 90546.6171875, 107956.171875, 136442.71875, 91997.2421875, 0.0, 0.0, 0.0, 0.0, 0.0, 0.0, 1.0
19685, 110499.0546875, 143961.234375, 90548.578125, 107958.2890625, 136429.578125, 91998.0, 0.0, 0.0, 0.0, 0.0, 0.0, 0.0, 1.0
19705, 110499.0546875, 143960.25, 90547.796875, 107944.859375, 136439.90625, 92006.328125, 0.0, 0.0, 0.0, 0.0, 0.0, 0.0, 1.0
19725, 110504.7578125, 143958.4375, 90550.5390625, 107946.2734375, 136425.03125, 92002.390625, 0.0, 0.0, 0.0, 0.0, 0.0, 0.0, 1.0
19745, 110499.0546875, 143956.625, 90547.015625, 107955.4609375, 136431.328125, 92005.1171875, 0.0, 0.0, 0.0, 0.0, 0.0, 0.0, 1.0
19765, 110504.7578125, 143960.734375, 90548.1953125, 107946.9765625, 136434.125, 92002.390625, 0.0, 0.0, 0.0, 0.0, 0.0, 0.0, 1.0
19785, 110498.3359375, 143963.046875, 90549.7578125, 107955.4609375, 136431.859375, 92000.421875, 0.0, 0.0, 0.0, 0.0, 0.0, 0.0, 1.0
19805, 110500.4765625, 143968.984375, 90554.84375, 107951.9296875, 136431.328125, 91999.96875, 0.0, 0.0, 0.0, 0.0, 0.0, 0.0, 1.0
19825, 110501.8984375, 143956.125, 90552.4921875, 107939.921875, 136427.3125, 92005.1171875, 0.0, 0.0, 0.0, 0.0, 0.0, 0.0, 1.0
19845, 110493.3515625, 143954.8125, 90548.9765625, 107943.453125, 136429.578125, 92000.421875, 0.0, 0.0, 0.0, 0.0, 0.0, 0.0, 1.0
19865, 110499.7734375, 143953.828125, 90550.9296875, 107944.15625, 136435.890625, 91994.8203125, 0.0, 0.0, 0.0, 0.0, 0.0, 0.0, 1.0
19885, 110501.1953125, 143965.34375, 90551.7109375, 107946.2734375, 136438.15625, 92004.359375, 0.0, 0.0, 0.0, 0.0, 0.0, 0.0, 1.0
19905, 110500.4765625, 143954.3125, 90549.7578125, 107948.3984375, 136434.125, 91998.0, 0.0, 0.0, 0.0, 0.0, 0.0, 0.0, 1.0
19925, 110499.7734375, 143965.34375, 90547.3984375, 107958.2890625, 136431.859375, 92001.1796875, 0.0, 0.0, 0.0, 0.0, 0.0, 0.0, 1.0
19945, 110497.6328125, 143955.640625, 90541.1484375, 107952.6328125, 136433.09375, 92000.421875, 0.0, 0.0, 0.0, 0.0, 0.0, 0.0, 1.0
19965, 110502.6171875, 143957.953125, 90551.7109375, 107946.2734375, 136429.578125, 92006.328125, 0.0, 0.0, 0.0, 0.0, 0.0, 0.0, 1.0
19985, 110506.8984375, 143956.125, 90550.5390625, 107949.109375, 136438.6875, 92006.328125, 0.0, 0.0, 0.0, 0.0, 0.0, 0.0, 1.0
20005, 110502.6328125, 143958.4375, 90555.625, 107951.2265625, 136440.4375, 92001.9375, 0.0, 0.0, 0.0, 0.0, 0.0, 0.0, 1.0
20025, 110501.9140625, 143958.921875, 90545.84375, 107947.6953125, 136430.8125, 92005.1171875, 0.0, 0.0, 0.0, 0.0, 0.0, 0.0, 1.0
20045, 110497.6328125, 143967.171875, 90550.5390625, 107951.9296875, 136431.859375, 92005.1171875, 0.0, 0.0, 0.0, 0.0, 0.0, 0.0, 1.0
20065, 110496.9140625, 143959.765625, 90549.7578125, 107943.453125, 136426.78125, 92005.1171875, 0.0, 0.0, 0.0, 0.0, 0.0, 0.0, 1.0
20085, 110500.4765625, 143958.4375, 90551.3125, 107942.7421875, 136422.75, 92006.328125, 0.0, 0.0, 0.0, 0.0, 0.0, 0.0, 1.0
20105, 110504.7578125, 143963.53125, 90539.96875, 107944.15625, 136430.109375, 92007.5390625, 0.0, 0.0, 0.0, 0.0, 0.0, 0.0, 1.0
20125, 110501.1953125, 143964.859375, 90553.671875, 107944.8671875, 136434.65625, 92005.1171875, 0.0, 0.0, 0.0, 0.0, 0.0, 0.0, 1.0
20145, 110499.0546875, 143952.015625, 90545.84375, 107949.8125, 136431.859375, 92007.5390625, 0.0, 0.0, 0.0, 0.0, 0.0, 0.0, 1.0
20165, 110497.6171875, 143960.734375, 90544.6640625, 107940.625, 136427.3125, 91998.4453125, 0.0, 0.0, 0.0, 0.0, 0.0, 0.0, 1.0
20185, 110497.6328125, 143960.25, 90553.671875, 107940.625, 136434.125, 92003.1484375, 0.0, 0.0, 0.0, 0.0, 0.0, 0.0, 1.0
20205, 110503.3359375, 143961.234375, 90545.84375, 107949.8125, 136433.609375, 91999.2109375, 0.0, 0.0, 0.0, 0.0, 0.0, 0.0, 1.0
20225, 110507.6171875, 143960.25, 90541.1484375, 107952.6328125, 136431.859375, 92006.328125, 0.0, 0.0, 0.0, 0.0, 0.0, 0.0, 1.0
20245, 110505.4765625, 143958.921875, 90547.796875, 107954.75, 136429.578125, 92003.1484375, 0.0, 0.0, 0.0, 0.0, 0.0, 0.0, 1.0
20265, 110501.8984375, 143961.234375, 90540.75, 107946.984375, 136432.375, 91998.4453125, 0.0, 0.0, 0.0, 0.0, 0.0, 0.0, 1.0
20285, 110500.4765625, 143963.046875, 90548.9765625, 107947.6953125, 136431.859375, 92002.390625, 0.0, 0.0, 0.0, 0.0, 0.0, 0.0, 1.0
20305, 110496.1953125, 143963.046875, 90551.7109375, 107947.6953125, 136433.609375, 92007.0859375, 0.0, 0.0, 0.0, 0.0, 0.0, 0.0, 1.0
20326, 110494.7734375, 143956.625, 90556.8046875, 107940.625, 136436.40625, 92005.875, 0.0, 0.0, 0.0, 0.0, 0.0, 0.0, 1.0
20346, 110494.0546875, 143960.25, 90557.5859375, 107942.0390625, 136437.640625, 92007.0859375, 0.0, 0.0, 0.0, 0.0, 0.0, 0.0, 1.0
20366, 110491.9140625, 143971.28125, 90548.1953125, 107935.6796875, 136438.15625, 92011.4765625, 0.0, 0.0, 0.0, 0.0, 0.0, 0.0, 1.0
20386, 110498.3359375, 143962.5625, 90547.796875, 107930.03125, 136436.9375, 92018.1484375, 0.0, 0.0, 0.0, 0.0, 0.0, 0.0, 1.0
20406, 110501.9140625, 143967.171875, 90550.5390625, 107938.5078125, 136436.40625, 92010.265625, 0.0, 0.0, 0.0, 0.0, 0.0, 0.0, 1.0
20426, 110503.3359375, 143963.046875, 90548.1953125, 107936.3828125, 136436.40625, 92007.0859375, 0.0, 0.0, 0.0, 0.0, 0.0, 0.0, 1.0
20445, 110506.1953125, 143954.3125, 90543.1015625, 107946.2734375, 136437.640625, 92008.296875, 0.0, 0.0, 0.0, 0.0, 0.0, 0.0, 1.0
20465, 110500.4765625, 143960.734375, 90545.0625, 107953.3359375, 136437.640625, 92011.0234375, 0.0, 0.0, 0.0, 0.0, 0.0, 0.0, 1.0
20485, 110503.3359375, 143962.0625, 90537.2265625, 107956.171875, 136431.328125, 92007.5390625, 0.0, 0.0, 0.0, 0.0, 0.0, 0.0, 1.0
20505, 110491.9140625, 143953.828125, 90550.9296875, 107956.171875, 136438.6875, 92006.328125, 0.0, 0.0, 0.0, 0.0, 0.0, 0.0, 1.0
20525, 110494.7734375, 143958.921875, 90541.921875, 107943.453125, 136438.6875, 92010.265625, 0.0, 0.0, 0.0, 0.0, 0.0, 0.0, 1.0
20546, 110496.9140625, 143966.1875, 90543.8828125, 107949.8125, 136431.859375, 92010.265625, 0.0, 0.0, 0.0, 0.0, 0.0, 0.0, 1.0
20566, 110489.7890625, 143963.046875, 90542.703125, 107942.7421875, 136435.890625, 92010.265625, 0.0, 0.0, 0.0, 0.0, 0.0, 0.0, 1.0
20585, 110491.9296875, 143957.953125, 90550.9296875, 107934.9765625, 136432.90625, 92008.296875, 0.0, 0.0, 0.0, 0.0, 0.0, 0.0, 1.0
20605, 110496.9140625, 143965.34375, 90548.578125, 107933.5625, 136426.078125, 92007.5390625, 0.0, 0.0, 0.0, 0.0, 0.0, 0.0, 1.0
20625, 110496.9140625, 143952.015625, 90548.9765625, 107939.21875, 136430.109375, 92011.4765625, 0.0, 0.0, 0.0, 0.0, 0.0, 0.0, 1.0
20645, 110499.0546875, 143949.703125, 90534.875, 107950.515625, 136434.125, 92015.4140625, 0.0, 0.0, 0.0, 0.0, 0.0, 0.0, 1.0
20666, 110497.6328125, 143962.5625, 90543.8828125, 107947.6953125, 136431.859375, 92014.203125, 0.0, 0.0, 0.0, 0.0, 0.0, 0.0, 1.0
20686, 110504.0390625, 143952.015625, 90536.0546875, 107945.5625, 136424.5, 92008.296875, 0.0, 0.0, 0.0, 0.0, 0.0, 0.0, 1.0
20706, 110500.4765625, 143964.859375, 90543.1015625, 107950.515625, 136435.890625, 92008.296875, 0.0, 0.0, 0.0, 0.0, 0.0, 0.0, 1.0
20725, 110494.7734375, 143957.953125, 90554.453125, 107951.9296875, 136431.328125, 92017.3828125, 0.0, 0.0, 0.0, 0.0, 0.0, 0.0, 1.0
20745, 110499.0546875, 143965.34375, 90548.1953125, 107941.3359375, 136431.859375, 92011.0234375, 0.0, 0.0, 0.0, 0.0, 0.0, 0.0, 1.0
20765, 110498.3359375, 143958.4375, 90547.796875, 107945.5703125, 136427.828125, 92014.203125, 0.0, 0.0, 0.0, 0.0, 0.0, 0.0, 1.0
20785, 110494.7734375, 143960.734375, 90548.578125, 107944.8671875, 136431.859375, 92011.4765625, 0.0, 0.0, 0.0, 0.0, 0.0, 0.0, 1.0
20805, 110493.3515625, 143962.0625, 90554.0703125, 107944.8671875, 136427.828125, 92007.0859375, 0.0, 0.0, 0.0, 0.0, 0.0, 0.0, 1.0
20825, 110501.1953125, 143960.734375, 90546.6171875, 107942.7421875, 136427.3125, 92012.234375, 0.0, 0.0, 0.0, 0.0, 0.0, 0.0, 1.0
20845, 110498.3359375, 143965.34375, 90543.8828125, 107947.6953125, 136433.609375, 92011.0234375, 0.0, 0.0, 0.0, 0.0, 0.0, 0.0, 1.0
20865, 110499.7734375, 143960.25, 90544.28125, 107940.625, 136429.0625, 92008.296875, 0.0, 0.0, 0.0, 0.0, 0.0, 0.0, 1.0
20885, 110503.3359375, 143962.5625, 90543.1015625, 107948.3984375, 136427.828125, 92010.265625, 0.0, 0.0, 0.0, 0.0, 0.0, 0.0, 1.0
20905, 110504.0390625, 143961.234375, 90542.3203125, 107944.15625, 136431.859375, 92010.265625, 0.0, 0.0, 0.0, 0.0, 0.0, 0.0, 1.0
20925, 110500.4921875, 143957.453125, 90545.84375, 107946.9765625, 136431.328125, 92014.203125, 0.0, 0.0, 0.0, 0.0, 0.0, 0.0, 1.0
20945, 110501.1953125, 143961.234375, 90541.921875, 107945.5703125, 136431.328125, 92007.0859375, 0.0, 0.0, 0.0, 0.0, 0.0, 0.0, 1.0
20965, 110503.3359375, 143963.046875, 90541.1484375, 107947.6953125, 136431.328125, 92012.9921875, 0.0, 0.0, 0.0, 0.0, 0.0, 0.0, 1.0
20985, 110499.0546875, 143964.375, 90543.1015625, 107942.75, 136434.125, 92012.9921875, 0.0, 0.0, 0.0, 0.0, 0.0, 0.0, 1.0
21005, 110496.9140625, 143954.8125, 90539.5703125, 107936.3828125, 136429.578125, 92011.4765625, 0.0, 0.0, 0.0, 0.0, 0.0, 0.0, 1.0
21025, 110499.03125, 143957.109375, 90550.9296875, 107946.2734375, 136436.40625, 92013.4453125, 0.0, 0.0, 0.0, 0.0, 0.0, 0.0, 1.0
21045, 110497.6328125, 143958.921875, 90549.7578125, 107940.625, 136431.328125, 92014.203125, 0.0, 0.0, 0.0, 0.0, 0.0, 0.0, 1.0
21066, 110495.4921875, 143961.234375, 90545.84375, 107944.859375, 136433.609375, 92007.0859375, 0.0, 0.0, 0.0, 0.0, 0.0, 0.0, 1.0
21085, 110494.7734375, 143962.5625, 90545.84375, 107940.6328125, 136429.578125, 92015.4140625, 0.0, 0.0, 0.0, 0.0, 0.0, 0.0, 1.0
21105, 110499.7734375, 143966.671875, 90539.96875, 107943.453125, 136434.125, 92013.4453125, 0.0, 0.0, 0.0, 0.0, 0.0, 0.0, 1.0
21125, 110497.6328125, 143963.046875, 90545.0625, 107937.796875, 136438.15625, 92012.6875, 0.0, 0.0, 0.0, 0.0, 0.0, 0.0, 1.0
21145, 110504.7578125, 143960.734375, 90536.0546875, 107946.2734375, 136434.125, 92016.171875, 0.0, 0.0, 0.0, 0.0, 0.0, 0.0, 1.0
21165, 110504.7578125, 143958.4375, 90541.1484375, 107946.2734375, 136431.859375, 92018.1484375, 0.0, 0.0, 0.0, 0.0, 0.0, 0.0, 1.0
21185, 110496.1953125, 143965.34375, 90540.75, 107945.5703125, 136430.109375, 92019.3515625, 0.0, 0.0, 0.0, 0.0, 0.0, 0.0, 1.0
21205, 110494.0546875, 143962.5625, 90551.328125, 107932.859375, 136425.03125, 92014.96875, 0.0, 0.0, 0.0, 0.0, 0.0, 0.0, 1.0
21225, 110500.4765625, 143958.921875, 90550.9296875, 107934.9765625, 136434.125, 92020.5625, 0.0, 0.0, 0.0, 0.0, 0.0, 0.0, 1.0
21245, 110494.0546875, 143967.171875, 90545.84375, 107936.3828125, 136431.328125, 92018.1484375, 0.0, 0.0, 0.0, 0.0, 0.0, 0.0, 1.0
21265, 110492.6328125, 143958.4375, 90545.0625, 107944.15625, 136429.578125, 92020.1171875, 0.0, 0.0, 0.0, 0.0, 0.0, 0.0, 1.0
21285, 110493.3515625, 143963.046875, 90543.8828125, 107943.453125, 136435.890625, 92014.96875, 0.0, 0.0, 0.0, 0.0, 0.0, 0.0, 1.0
21305, 110501.1953125, 143960.734375, 90536.0546875, 107936.3828125, 136429.578125, 92014.96875, 0.0, 0.0, 0.0, 0.0, 0.0, 0.0, 1.0
21325, 110496.9140625, 143958.4375, 90548.1953125, 107939.21875, 136432.375, 92016.9375, 0.0, 0.0, 0.0, 0.0, 0.0, 0.0, 1.0
21345, 110493.3515625, 143960.734375, 90548.9765625, 107944.1640625, 136434.65625, 92012.9921875, 0.0, 0.0, 0.0, 0.0, 0.0, 0.0, 1.0
21365, 110496.9140625, 143958.921875, 90541.1484375, 107937.796875, 136431.859375, 92012.234375, 0.0, 0.0, 0.0, 0.0, 0.0, 0.0, 1.0
21385, 110504.0390625, 143962.5625, 90538.7890625, 107942.0390625, 136431.859375, 92017.3828125, 0.0, 0.0, 0.0, 0.0, 0.0, 0.0, 1.0
21405, 110496.1953125, 143963.046875, 90543.8828125, 107949.8125, 136431.859375, 92009.0546875, 0.0, 0.0, 0.0, 0.0, 0.0, 0.0, 1.0
21425, 110502.6171875, 143964.859375, 90542.703125, 107944.15625, 136431.328125, 92017.3828125, 0.0, 0.0, 0.0, 0.0, 0.0, 0.0, 1.0
21445, 110499.0546875, 143963.046875, 90541.921875, 107944.8671875, 136438.6875, 92014.96875, 0.0, 0.0, 0.0, 0.0, 0.0, 0.0, 1.0
21465, 110496.1953125, 143964.859375, 90543.1015625, 107938.5, 136438.15625, 92012.9921875, 0.0, 0.0, 0.0, 0.0, 0.0, 0.0, 1.0
21485, 110494.7734375, 143958.4375, 90542.703125, 107937.796875, 136434.125, 92014.96875, 0.0, 0.0, 0.0, 0.0, 0.0, 0.0, 1.0
21505, 110499.0546875, 143956.125, 90541.1484375, 107931.4453125, 136429.578125, 92020.1171875, 0.0, 0.0, 0.0, 0.0, 0.0, 0.0, 1.0
21525, 110491.2109375, 143963.046875, 90547.015625, 107933.5625, 136425.03125, 92016.171875, 0.0, 0.0, 0.0, 0.0, 0.0, 0.0, 1.0
21545, 110490.4921875, 143958.921875, 90540.3671875, 107939.21875, 136435.890625, 92012.234375, 0.0, 0.0, 0.0, 0.0, 0.0, 0.0, 1.0
21565, 110500.4765625, 143963.046875, 90552.109375, 107937.796875, 136434.125, 92012.234375, 0.0, 0.0, 0.0, 0.0, 0.0, 0.0, 1.0
21585, 110494.7734375, 143957.953125, 90545.4453125, 107942.75, 136430.109375, 92016.9375, 0.0, 0.0, 0.0, 0.0, 0.0, 0.0, 1.0
21605, 110494.7734375, 143962.5625, 90543.1015625, 107942.0390625, 136444.46875, 92027.234375, 0.0, 0.0, 0.0, 0.0, 0.0, 0.0, 1.0
21625, 110493.3515625, 143964.375, 90552.890625, 107944.8671875, 136439.203125, 92014.96875, 0.0, 0.0, 0.0, 0.0, 0.0, 0.0, 2.0
21645, 110498.3359375, 143953.828125, 90547.796875, 107940.625, 136436.40625, 92014.96875, 0.0, 0.0, 0.0, 0.0, 0.0, 0.0, 2.0
21665, 110495.4765625, 143962.5625, 90549.7578125, 107944.8671875, 136433.609375, 92016.9375, 0.0, 0.0, 0.0, 0.0, 0.0, 0.0, 2.0
21685, 110490.4921875, 143954.3125, 90552.890625, 107940.625, 136442.71875, 92016.171875, 0.0, 0.0, 0.0, 0.0, 0.0, 0.0, 2.0
21705, 110486.2109375, 143961.234375, 90549.375, 107934.9765625, 136433.609375, 92018.1484375, 0.0, 0.0, 0.0, 0.0, 0.0, 0.0, 2.0
21725, 110497.6171875, 143962.5625, 90556.8046875, 107933.5625, 136428.359375, 92016.9375, 0.0, 0.0, 0.0, 0.0, 0.0, 0.0, 2.0
21745, 110485.5078125, 143960.25, 90548.9765625, 107935.6796875, 136429.578125, 92016.9375, 0.0, 0.0, 0.0, 0.0, 0.0, 0.0, 2.0
21765, 110499.0546875, 143962.0625, 90543.1015625, 107939.921875, 136434.125, 92018.1484375, 0.0, 0.0, 0.0, 0.0, 0.0, 0.0, 2.0
21786, 110503.3359375, 143969.46875, 90539.96875, 107946.2734375, 136435.890625, 92018.90625, 0.0, 0.0, 0.0, 0.0, 0.0, 0.0, 2.0
21805, 110511.1796875, 143956.125, 90538.0078125, 107958.2890625, 136425.03125, 92019.8046875, 0.0, 0.0, 0.0, 0.0, 0.0, 0.0, 2.0
21825, 110519.7421875, 143964.859375, 90535.2734375, 107965.3515625, 136429.578125, 92012.9921875, 0.0, 0.0, 0.0, 0.0, 0.0, 0.0, 2.0
21845, 110514.7421875, 143956.625, 90538.7890625, 107971.703125, 136431.328125, 92014.96875, 0.0, 0.0, 0.0, 0.0, 0.0, 0.0, 2.0
21865, 110508.3359375, 143953.828125, 90539.5703125, 107963.2265625, 136431.328125, 92018.1484375, 0.0, 0.0, 0.0, 0.0, 0.0, 0.0, 2.0
21885, 110496.1953125, 143963.046875, 90541.1484375, 107961.8125, 136430.109375, 92020.1171875, 0.0, 0.0, 0.0, 0.0, 0.0, 0.0, 2.0
21905, 110490.4921875, 143962.5625, 90549.7578125, 107936.3828125, 136436.40625, 92014.96875, 0.0, 0.0, 0.0, 0.0, 0.0, 0.0, 2.0
21925, 110488.3515625, 143961.234375, 90554.84375, 107942.75, 136430.625, 92016.171875, 0.0, 0.0, 0.0, 0.0, 0.0, 0.0, 2.0
21945, 110485.4921875, 143965.34375, 90555.625, 107922.265625, 136430.109375, 92019.6640625, 0.0, 0.0, 0.0, 0.0, 0.0, 0.0, 2.0
21965, 110486.2109375, 143960.734375, 90555.625, 107919.4296875, 136430.109375, 92020.1171875, 0.0, 0.0, 0.0, 0.0, 0.0, 0.0, 2.0
21985, 110482.6484375, 143960.734375, 90552.890625, 107920.8515625, 136434.65625, 92026.78125, 0.0, 0.0, 0.0, 0.0, 0.0, 0.0, 2.0
22005, 110494.0546875, 143962.5625, 90547.796875, 107934.265625, 136432.375, 92020.1171875, 0.0, 0.0, 0.0, 0.0, 0.0, 0.0, 2.0
22025, 110496.1953125, 143964.859375, 90543.1015625, 107944.8671875, 136436.9375, 92022.84375, 0.0, 0.0, 0.0, 0.0, 0.0, 0.0, 2.0
22045, 110494.7734375, 143956.625, 90538.0078125, 107951.9296875, 136434.125, 92022.84375, 0.0, 0.0, 0.0, 0.0, 0.0, 0.0, 2.0
22065, 110501.1953125, 143956.125, 90543.1015625, 107948.3984375, 136432.375, 92021.3203125, 0.0, 0.0, 0.0, 0.0, 0.0, 0.0, 2.0
22085, 110499.0546875, 143964.859375, 90539.96875, 107942.0390625, 136430.625, 92018.90625, 0.0, 0.0, 0.0, 0.0, 0.0, 0.0, 2.0
22105, 110490.4921875, 143969.46875, 90538.7890625, 107949.109375, 136434.125, 92020.1171875, 0.0, 0.0, 0.0, 0.0, 0.0, 0.0, 2.0
22125, 110489.0703125, 143961.234375, 90552.890625, 107937.796875, 136436.9375, 92024.0546875, 0.0, 0.0, 0.0, 0.0, 0.0, 0.0, 2.0
22146, 110488.3515625, 143961.234375, 90552.890625, 107933.5625, 136434.65625, 92020.875, 0.0, 0.0, 0.0, 0.0, 0.0, 0.0, 2.0
22165, 110489.0703125, 143964.859375, 90549.7578125, 107926.5, 136432.375, 92022.84375, 0.0, 0.0, 0.0, 0.0, 0.0, 0.0, 2.0
22185, 110494.0546875, 143964.859375, 90551.7109375, 107925.0859375, 136431.859375, 92024.0546875, 0.0, 0.0, 0.0, 0.0, 0.0, 0.0, 2.0
22205, 110486.2109375, 143964.859375, 90549.7578125, 107923.671875, 136435.890625, 92026.78125, 0.0, 0.0, 0.0, 0.0, 0.0, 0.0, 2.0
22225, 110490.4921875, 143956.625, 90548.9765625, 107934.9765625, 136442.1875, 92022.84375, 0.0, 0.0, 0.0, 0.0, 0.0, 0.0, 2.0
22245, 110494.0546875, 143956.625, 90539.1875, 107939.921875, 136430.109375, 92022.84375, 0.0, 0.0, 0.0, 0.0, 0.0, 0.0, 2.0
22265, 110499.0546875, 143960.734375, 90543.8828125, 107944.859375, 136434.65625, 92019.6640625, 0.0, 0.0, 0.0, 0.0, 0.0, 0.0, 2.0
22285, 110492.6328125, 143963.53125, 90546.234375, 107950.515625, 136427.828125, 92020.875, 0.0, 0.0, 0.0, 0.0, 0.0, 0.0, 2.0
22305, 110496.9140625, 143958.4375, 90545.0625, 107956.875, 136431.859375, 92018.90625, 0.0, 0.0, 0.0, 0.0, 0.0, 0.0, 2.0
22325, 110496.9140625, 143965.84375, 90543.8828125, 107948.3984375, 136423.28125, 92024.8125, 0.0, 0.0, 0.0, 0.0, 0.0, 0.0, 2.0
22345, 110496.1953125, 143960.25, 90541.921875, 107944.859375, 136422.75, 92021.6328125, 0.0, 0.0, 0.0, 0.0, 0.0, 0.0, 2.0
22365, 110493.3515625, 143965.34375, 90550.9296875, 107937.796875, 136439.203125, 92026.78125, 0.0, 0.0, 0.0, 0.0, 0.0, 0.0, 2.0
22385, 110486.2109375, 143958.921875, 90539.1875, 107933.5625, 136434.125, 92026.0234375, 0.0, 0.0, 0.0, 0.0, 0.0, 0.0, 2.0
22405, 110488.3515625, 143963.53125, 90547.015625, 107926.4921875, 136431.859375, 92024.8125, 0.0, 0.0, 0.0, 0.0, 0.0, 0.0, 2.0
22425, 110481.2109375, 143962.5625, 90545.84375, 107942.0390625, 136436.9375, 92031.9296875, 0.0, 0.0, 0.0, 0.0, 0.0, 0.0, 2.0
22445, 110492.6328125, 143961.234375, 90541.53125, 107934.96875, 136430.109375, 92028.75, 0.0, 0.0, 0.0, 0.0, 0.0, 0.0, 2.0
22466, 110490.4921875, 143967.65625, 90539.96875, 107937.796875, 136436.40625, 92026.0234375, 0.0, 0.0, 0.0, 0.0, 0.0, 0.0, 2.0
22486, 110492.6328125, 143961.234375, 90538.7890625, 107946.2734375, 136438.15625, 92030.7265625, 0.0, 0.0, 0.0, 0.0, 0.0, 0.0, 2.0
22506, 110494.7734375, 143965.34375, 90545.0625, 107945.5703125, 136434.65625, 92026.0234375, 0.0, 0.0, 0.0, 0.0, 0.0, 0.0, 2.0
22525, 110491.2109375, 143965.84375, 90545.0625, 107939.21875, 136435.890625, 92033.90625, 0.0, 0.0, 0.0, 0.0, 0.0, 0.0, 2.0
22545, 110491.2109375, 143967.171875, 90543.1015625, 107948.3984375, 136429.0625, 92027.546875, 0.0, 0.0, 0.0, 0.0, 0.0, 0.0, 2.0
22566, 110492.6328125, 143958.921875, 90534.09375, 107944.859375, 136434.125, 92035.109375, 0.0, 0.0, 0.0, 0.0, 0.0, 0.0, 2.0
22585, 110486.9296875, 143957.109375, 90543.8828125, 107944.15625, 136431.859375, 92030.7265625, 0.0, 0.0, 0.0, 0.0, 0.0, 0.0, 2.0
22605, 110481.2109375, 143973.59375, 90543.1015625, 107931.4453125, 136434.125, 92031.9296875, 0.0, 0.0, 0.0, 0.0, 0.0, 0.0, 2.0
22625, 110486.2109375, 143960.25, 90543.8828125, 107937.796875, 136436.9375, 92029.9609375, 0.0, 0.0, 0.0, 0.0, 0.0, 0.0, 2.0
22645, 110488.3515625, 143967.65625, 90542.3203125, 107931.4453125, 136432.375, 92032.6953125, 0.0, 0.0, 0.0, 0.0, 0.0, 0.0, 2.0
22665, 110496.9140625, 143961.234375, 90539.1875, 107931.4453125, 136433.609375, 92026.78125, 0.0, 0.0, 0.0, 0.0, 0.0, 0.0, 2.0
22685, 110500.4765625, 143958.921875, 90523.9140625, 107936.3828125, 136438.15625, 92032.6953125, 0.0, 0.0, 0.0, 0.0, 0.0, 0.0, 2.0
22705, 110514.0390625, 143968.984375, 90518.0390625, 107944.15625, 136427.828125, 92035.875, 0.0, 0.0, 0.0, 0.0, 0.0, 0.0, 2.0
22725, 110524.0234375, 143957.953125, 90515.703125, 107958.9921875, 136439.90625, 92030.7265625, 0.0, 0.0, 0.0, 0.0, 0.0, 0.0, 2.0
22745, 110534.0078125, 143952.015625, 90514.5234375, 107980.890625, 136432.375, 92028.75, 0.0, 0.0, 0.0, 0.0, 0.0, 0.0, 2.0
22765, 110534.7265625, 143953.828125, 90513.34375, 107986.5390625, 136438.15625, 92026.0234375, 0.0, 0.0, 0.0, 0.0, 0.0, 0.0, 2.0
22785, 110396.328125, 143959.421875, 90926.796875, 107983.71875, 136430.625, 92029.515625, 0.0, 0.0, 0.0, 0.0, 0.0, 0.0, 2.0
22805, 110561.140625, 143939.015625, 90579.1171875, 107829.046875, 136441.484375, 92047.6953125, 0.0, 0.0, 0.0, 0.0, 0.0, 0.0, 2.0
22825, 110407.7421875, 143979.171875, 90574.03125, 107980.890625, 136427.828125, 92022.84375, 0.0, 0.0, 0.0, 0.0, 0.0, 0.0, 2.0
22846, 110520.4609375, 143953.34375, 90530.9609375, 107853.7578125, 136447.265625, 92058.75, 0.0, 0.0, 0.0, 0.0, 0.0, 0.0, 2.0
22866, 110443.40625, 143972.265625, 90530.578125, 107909.546875, 136436.40625, 92053.6015625, 0.0, 0.0, 0.0, 0.0, 0.0, 0.0, 2.0
22885, 110518.3203125, 143967.65625, 90540.75, 107955.453125, 136434.65625, 92041.78125, 0.0, 0.0, 0.0, 0.0, 0.0, 0.0, 2.0
22905, 110587.5546875, 143944.125, 90478.125, 107813.5078125, 136436.40625, 92029.515625, 0.0, 0.0, 0.0, 0.0, 0.0, 0.0, 2.0
22925, 110488.3515625, 143974.5625, 90524.3125, 108033.171875, 136434.65625, 92032.6953125, 0.0, 0.0, 0.0, 0.0, 0.0, 0.0, 2.0
22945, 110616.8125, 143944.125, 90417.4765625, 107908.1328125, 136442.1875, 92036.6328125, 0.0, 0.0, 0.0, 0.0, 0.0, 0.0, 2.0
22965, 110462.6640625, 143967.171875, 90611.625, 108072.0390625, 136438.6875, 92015.7265625, 0.0, 0.0, 0.0, 0.0, 0.0, 0.0, 2.0
22985, 110586.828125, 143952.015625, 90517.2578125, 107831.8671875, 136438.6875, 92026.78125, 0.0, 0.0, 0.0, 0.0, 0.0, 0.0, 2.0
23005, 110489.0546875, 143956.125, 90528.2265625, 108147.671875, 136425.03125, 92022.0859375, 0.0, 0.0, 0.0, 0.0, 0.0, 0.0, 2.0
23025, 110498.3359375, 143960.734375, 90514.5234375, 107911.671875, 136429.578125, 92041.78125, 0.0, 0.0, 0.0, 0.0, 0.0, 0.0, 2.0
23045, 110498.3359375, 143952.84375, 90497.6875, 107968.171875, 136433.609375, 92034.6640625, 0.0, 0.0, 0.0, 0.0, 0.0, 0.0, 2.0
23065, 110434.84375, 143969.46875, 90597.921875, 107951.21875, 136432.90625, 92039.8125, 0.0, 0.0, 0.0, 0.0, 0.0, 0.0, 2.0
23085, 110598.2578125, 143956.125, 90483.2109375, 107865.7578125, 136433.609375, 92041.78125, 0.0, 0.0, 0.0, 0.0, 0.0, 0.0, 2.0
23105, 110444.125, 143972.265625, 90588.1328125, 107996.4375, 136434.65625, 92034.6640625, 0.0, 0.0, 0.0, 0.0, 0.0, 0.0, 2.0
23125, 110548.2890625, 143963.046875, 90515.3046875, 107884.125, 136436.40625, 92022.0859375, 0.0, 0.0, 0.0, 0.0, 0.0, 0.0, 2.0
23145, 110469.8046875, 143976.875, 90571.2890625, 107949.1015625, 136434.65625, 92020.875, 0.0, 0.0, 0.0, 0.0, 0.0, 0.0, 2.0
23165, 110603.9609375, 143955.640625, 90463.640625, 107968.171875, 136431.328125, 92017.6953125, 0.0, 0.0, 0.0, 0.0, 0.0, 0.0, 2.0
23185, 110479.0703125, 143966.671875, 90530.1796875, 107915.1953125, 136440.953125, 92020.875, 0.0, 0.0, 0.0, 0.0, 0.0, 0.0, 2.0
23206, 110576.125, 143964.859375, 90506.296875, 108048.015625, 136431.859375, 92022.84375, 0.0, 0.0, 0.0, 0.0, 0.0, 0.0, 2.0
23225, 110529.7265625, 143954.3125, 90513.34375, 107934.265625, 136429.578125, 92033.90625, 0.0, 0.0, 0.0, 0.0, 0.0, 0.0, 2.0
23245, 110499.7578125, 143951.515625, 90531.359375, 107992.1953125, 136427.3125, 92039.3671875, 0.0, 0.0, 0.0, 0.0, 0.0, 0.0, 2.0
23265, 110534.0234375, 143956.625, 90499.6484375, 107961.8125, 136427.828125, 92032.6953125, 0.0, 0.0, 0.0, 0.0, 0.0, 0.0, 2.0
23285, 110450.546875, 143960.734375, 90548.578125, 107962.515625, 136427.828125, 92038.6015625, 0.0, 0.0, 0.0, 0.0, 0.0, 0.0, 2.0
23305, 110519.7421875, 143956.625, 90520.0, 107927.203125, 136438.6875, 92034.6640625, 0.0, 0.0, 0.0, 0.0, 0.0, 0.0, 2.0
23325, 110478.3515625, 143958.921875, 90529.78125, 107910.9609375, 136430.109375, 92038.6015625, 0.0, 0.0, 0.0, 0.0, 0.0, 0.0, 2.0
23345, 110506.8984375, 143963.046875, 90523.1328125, 107954.75, 136433.609375, 92024.8125, 0.0, 0.0, 0.0, 0.0, 0.0, 0.0, 2.0
23365, 110543.2890625, 143967.65625, 90504.734375, 107896.125, 136427.3125, 92026.78125, 0.0, 0.0, 0.0, 0.0, 0.0, 0.0, 2.0
23385, 110492.6328125, 143960.25, 90526.6640625, 107984.421875, 136427.3125, 92024.8125, 0.0, 0.0, 0.0, 0.0, 0.0, 0.0, 2.0
23405, 110541.8671875, 143956.125, 90502.78125, 107930.7421875, 136425.546875, 92011.7890625, 0.0, 0.0, 0.0, 0.0, 0.0, 0.0, 2.0
23425, 110502.6171875, 143967.65625, 90510.609375, 107975.9453125, 136427.3125, 92026.78125, 0.0, 0.0, 0.0, 0.0, 0.0, 0.0, 2.0
23445, 110515.4609375, 143945.09375, 90511.390625, 108016.921875, 136429.0625, 92025.578125, 0.0, 0.0, 0.0, 0.0, 0.0, 0.0, 2.0
23465, 110496.1953125, 143959.765625, 90523.53125, 107937.09375, 136429.578125, 92028.75, 0.0, 0.0, 0.0, 0.0, 0.0, 0.0, 2.0
23485, 110506.1953125, 143947.40625, 90515.3046875, 107970.2890625, 136420.484375, 92041.3359375, 0.0, 0.0, 0.0, 0.0, 0.0, 0.0, 2.0
23505, 110481.9296875, 143963.53125, 90530.578125, 107930.734375, 136425.546875, 92029.515625, 0.0, 0.0, 0.0, 0.0, 0.0, 0.0, 2.0
23525, 110489.7734375, 143954.3125, 90525.0859375, 107922.96875, 136429.578125, 92030.7265625, 0.0, 0.0, 0.0, 0.0, 0.0, 0.0, 2.0
23545, 110494.7734375, 143956.125, 90515.3046875, 107942.0390625, 136431.859375, 92034.6640625, 0.0, 0.0, 0.0, 0.0, 0.0, 0.0, 2.0
23565, 110491.2109375, 143968.140625, 90514.5234375, 107903.8984375, 136435.890625, 92020.1171875, 0.0, 0.0, 0.0, 0.0, 0.0, 0.0, 2.0
23586, 110511.8984375, 143952.5, 90510.609375, 107954.0390625, 136430.109375, 92026.78125, 0.0, 0.0, 0.0, 0.0, 0.0, 0.0, 2.0
23605, 110506.8984375, 143971.78125, 90505.9140625, 107959.6953125, 136431.859375, 92013.7578125, 0.0, 0.0, 0.0, 0.0, 0.0, 0.0, 2.0
23625, 110522.6015625, 143964.859375, 90498.8671875, 107943.4453125, 136432.375, 92022.84375, 0.0, 0.0, 0.0, 0.0, 0.0, 0.0, 2.0
23645, 110518.3203125, 143960.734375, 90506.296875, 107958.9921875, 136425.546875, 92018.90625, 0.0, 0.0, 0.0, 0.0, 0.0, 0.0, 2.0
23665, 110506.1953125, 143958.4375, 90507.4765625, 107963.2265625, 136427.3125, 92026.78125, 0.0, 0.0, 0.0, 0.0, 0.0, 0.0, 2.0
23685, 110516.1796875, 143956.125, 90512.5625, 107975.9453125, 136435.890625, 92021.6328125, 0.0, 0.0, 0.0, 0.0, 0.0, 0.0, 2.0
23705, 110491.9140625, 143955.640625, 90519.21875, 107934.2734375, 136425.546875, 92035.875, 0.0, 0.0, 0.0, 0.0, 0.0, 0.0, 2.0
23725, 110489.7734375, 143951.515625, 90519.21875, 107963.2265625, 136425.03125