timeTick, stateX, stateY, stateVX, stateVY, whisker1_1, whisker1_2, whisker1_3, whisker2_1, whisker2_2, whisker2_3, prewhisker1_1, prewhisker1_2, prewhisker1_3, prewhisker2_1, prewhisker2_2, prewhisker2_3, MLPwhisker1, MLPwhisker2, yaw, laserFront, gpislabel, KFwhisker1, KFwhisker2, Position X, Position Y, yaw
13255, 0.0019819054286926985, 0.0007434850558638573, 0.0007848748355172575, 0.004022914916276932, 0, 0, 0, 0, 0, 0, 0, 0, 0, 0, 0, 0, 0, 0, 0, 0, 0, 0, 0, -0.15854939818382263, 0.9651066660881042, 3.0860811974171853
13275, 0.00247075199149549, -0.0002469561586622149, 0.003813088173046708, -0.001551319262944162, 127721.328125, 156758.15625, 95391.7421875, 116781.5390625, 141658.75, 99444.015625, 0.0, 0.0, 0.0, 0.0, 0.0, 0.0, 0.0, 0.0, -0.0071050371043384075, 456.0, 0.0, 0.0, 0.0, -0.15851767361164093, 0.9650749564170837, 3.0859730603535542
13295, 0.0026847857516258955, 0.0002461239928379655, 0.004874295089393854, 0.0009636647300794721, 127712.390625, 156760.09375, 95393.75, 116775.6953125, 141658.25, 99445.296875, 0.0, 0.0, 0.0, 0.0, 0.0, 0.0, 0.0, 0.0, -0.007467704359441996, 465.0, 0.0, 0.0, 0.0, -0.15854915976524353, 0.9650649428367615, 3.0864017522554734
13315, 0.0038396441377699375, -0.0009263078682124615, 0.01097185630351305, -0.005391769576817751, 127713.984375, 156756.234375, 95402.546875, 116775.6953125, 141658.25, 99449.375, 0.0, 0.0, 0.0, 0.0, 0.0, 0.0, 0.0, 0.0, -0.006296966224908829, 465.0, 0.0, 0.0, 0.0, -0.15853632986545563, 0.9650942087173462, 3.0859844803296337
13335, 0.003810326335951686, -0.000911757699213922, 0.010443340986967087, -0.005386068485677242, 127719.7265625, 156758.15625, 95393.75, 116782.3671875, 141663.3125, 99446.2734375, 0.0, 0.0, 0.0, 0.0, 0.0, 0.0, 0.0, 0.0, -0.006293107755482197, 458.0, 0.0, 0.0, 0.0, -0.15852747857570648, 0.965095579624176, 3.0867295474820544
13355, 0.0026422077789902687, 0.00023839938512537628, 0.004039112478494644, 0.0009388045873492956, 127716.859375, 156760.09375, 95402.9765625, 116775.6953125, 141658.25, 99448.09375, 0.0, 0.0, 0.0, 0.0, 0.0, 0.0, 0.0, 0.0, -0.007519560866057873, 458.0, 0.0, 0.0, 0.0, -0.1585358828306198, 0.9650740623474121, 3.085989646550261
13375, 0.002730764914304018, 0.0002572517259977758, 0.004727371968328953, 0.0009755854844115674, 127716.859375, 156760.09375, 95392.9609375, 116778.6953125, 141658.75, 99450.1328125, 0.0, 0.0, 0.0, 0.0, 0.0, 0.0, 0.0, 0.0, -0.006424787919968367, 458.0, 0.0, 0.0, 0.0, -0.15853536128997803, 0.96505206823349, 3.086388516807491
13395, 0.00269903801381588, 0.0002765122626442462, 0.0043956139124929905, 0.001034311018884182, 127713.65625, 156758.15625, 95398.1875, 116780.0390625, 141654.6875, 99441.9765625, 0.0, 0.0, 0.0, 0.0, 0.0, 0.0, 0.0, 0.0, -0.004638617858290672, 462.0, 0.0, 0.0, 0.0, -0.15850819647312164, 0.9650951623916626, 3.0867129730469522
13415, 0.0024761573877185583, -0.00026076979702338576, 0.003523135557770729, -0.0020689174998551607, 127712.390625, 156760.09375, 95396.96875, 116780.0390625, 141652.40625, 99447.3359375, 0.0, 0.0, 0.0, 0.0, 0.0, 0.0, 0.0, 0.0, -0.0038855927996337414, 462.0, 0.0, 0.0, 0.0, -0.15852715075016022, 0.9649990797042847, 3.0855300226943587
13435, 0.0026770783588290215, 0.00023520030663348734, 0.004171612206846476, 0.0009734867489896715, 127716.859375, 156760.09375, 95393.75, 116775.015625, 141652.40625, 99454.2109375, 0.0, 0.0, 0.0, 0.0, 0.0, 0.0, 0.0, 0.0, 0.00402419688180089, 462.0, 0.0, 0.0, 0.0, -0.1585351973772049, 0.9650017023086548, 3.0862738858712837
13455, 0.002765269950032234, 0.0002553853264544159, 0.0046544428914785385, 0.0013999853981658816, 127719.09375, 156760.09375, 95395.75, 116777.1953125, 141662.8125, 99444.765625, 0.0, 0.0, 0.0, 0.0, 0.0, 0.0, 0.0, 0.0, 0.0006204129313118756, 463.0, 0.0, 0.0, 0.0, -0.15856559574604034, 0.9650084972381592, 3.08452056496726
13475, 0.0024741869419813156, -1.697610059636645e-05, 0.0038106092251837254, -9.930199303198606e-05, 127713.0234375, 156760.09375, 95398.1875, 116779.3671875, 141656.46875, 99448.09375, 0.0, 0.0, 0.0, 0.0, 0.0, 0.0, 0.0, 0.0, -0.007125638425350189, 463.0, 0.0, 0.0, 0.0, -0.15859045088291168, 0.9650195240974426, 3.0847713719604304
13495, 0.003023268189281225, -0.00028408371144905686, 0.006875520572066307, -0.0016445311484858394, 127716.859375, 156758.15625, 95406.203125, 116780.0390625, 141650.125, 99448.09375, 0.0, 0.0, 0.0, 0.0, 0.0, 0.0, 0.0, 0.0, -0.007595248986035585, 463.0, 0.0, 0.0, 0.0, -0.15858855843544006, 0.9649246335029602, 3.0830637834221153
13515, 0.004063172731548548, -2.2203968910616823e-05, 0.012213856913149357, -0.0002368804853176698, 127720.6875, 156758.15625, 95404.984375, 116779.3671875, 141656.46875, 99450.1328125, 0.0, 0.0, 0.0, 0.0, 0.0, 0.0, 0.0, 0.0, -0.005949297919869423, 461.0, 0.0, 0.0, 0.0, -0.15858367085456848, 0.9649634957313538, 3.0844562542765877
13535, 0.0021811991464346647, 0.0004996757488697767, 0.0023916815407574177, 0.0022684792056679726, 127718.453125, 156760.09375, 95402.9765625, 116780.0390625, 141658.75, 99450.1328125, 0.0, 0.0, 0.0, 0.0, 0.0, 0.0, 0.0, 0.0, -0.0028337957337498665, 461.0, 0.0, 0.0, 0.0, -0.1585931032896042, 0.9649416208267212, 3.0834864110534768
13555, 0.004192276392132044, 0.00048431381583213806, 0.013203310780227184, 0.0019500006455928087, 127713.984375, 156758.15625, 95400.9765625, 116780.8671875, 141649.625, 99451.4140625, 0.0, 0.0, 0.0, 0.0, 0.0, 0.0, 0.0, 0.0, -0.005108402110636234, 462.0, 0.0, 0.0, 0.0, -0.15852952003479004, 0.9649017453193665, 3.0846189825317922
13575, 0.002898365957662463, 0.00021115892741363496, 0.005662774667143822, 0.000949630921240896, 127720.0546875, 156760.09375, 95400.9765625, 116779.3671875, 141653.6875, 99449.375, 0.0, 0.0, 0.0, 0.0, 0.0, 0.0, 0.0, 0.0, -0.008110429160296917, 462.0, 0.0, 0.0, 0.0, -0.1585410088300705, 0.9649829864501953, 3.0859861477045003
13595, 0.0027265457902103662, 0.00023058915394358337, 0.004688947461545467, 0.0013332037487998605, 127722.921875, 156760.09375, 95405.765625, 116781.5390625, 141655.484375, 99452.6953125, 0.0, 0.0, 0.0, 0.0, 0.0, 0.0, 0.0, 0.0, -0.01016905065625906, 462.0, 0.0, 0.0, 0.0, -0.15850964188575745, 0.9649111032485962, 3.086437793183255
13615, 0.0027033998630940914, -0.0005106305470690131, 0.004516691900789738, -0.001933049876242876, 127720.6875, 156758.15625, 95403.765625, 116786.7109375, 141655.484375, 99452.171875, 0.0, 0.0, 0.0, 0.0, 0.0, 0.0, 0.0, 0.0, -0.00796218030154705, 462.0, 0.0, 0.0, 0.0, -0.15863282978534698, 0.96486896276474, 3.083895817376241
13635, 0.0026815778110176325, -0.0012207907857373357, 0.004676405340433121, -0.005520154722034931, 127714.625, 156763.96875, 95400.546875, 116778.6953125, 141665.09375, 99450.8828125, 0.0, 0.0, 0.0, 0.0, 0.0, 0.0, 0.0, 0.0, -0.00440600560978055, 462.0, 0.0, 0.0, 0.0, -0.15859666466712952, 0.9649055004119873, 3.0837226204686132
13655, 0.002877624239772558, -0.00025993119925260544, 0.005381499882787466, -0.00031811388907954097, 127719.09375, 156760.09375, 95404.984375, 116783.7109375, 141660.53125, 99452.171875, 0.0, 0.0, 0.0, 0.0, 0.0, 0.0, 0.0, 0.0, -0.005310258362442255, 462.0, 0.0, 0.0, 0.0, -0.15860342979431152, 0.9650107622146606, 3.0839642331336674
13675, 0.002627258887514472, 0.00020892388420179486, 0.004050954710692167, 0.0021980139426887035, 127720.6875, 156760.09375, 95405.765625, 116780.8671875, 141655.96875, 99448.625, 0.0, 0.0, 0.0, 0.0, 0.0, 0.0, 0.0, 0.0, -0.004038420971482992, 468.0, 0.0, 0.0, 0.0, -0.1586012989282608, 0.9649472236633301, 3.083859639921048
13695, 0.004517341963946819, -3.877495328197256e-05, 0.014095720835030079, 0.0009663876262493432, 127725.796875, 156762.03125, 95398.96875, 116790.234375, 141647.84375, 99452.171875, 0.0, 0.0, 0.0, 0.0, 0.0, 0.0, 0.0, 0.0, -0.004015184007585049, 468.0, 0.0, 0.0, 0.0, -0.15858006477355957, 0.9651111960411072, 3.084954160344233
13715, 0.0027224712539464235, 0.00022294334485195577, 0.004392870236188173, 0.0021784070413559675, 127721.9609375, 156758.15625, 95406.984375, 116778.5390625, 141658.75, 99455.4921875, 0.0, 0.0, 0.0, 0.0, 0.0, 0.0, 0.0, 0.0, -0.0008369930437766016, 468.0, 0.0, 0.0, 0.0, -0.15861763060092926, 0.9650070071220398, 3.0843481112434445
13735, 0.004839814268052578, -0.00048612308455631137, 0.016132431104779243, -0.0019046685192734003, 127722.921875, 156760.09375, 95408.203125, 116783.0390625, 141654.1875, 99446.8046875, 0.0, 0.0, 0.0, 0.0, 0.0, 0.0, 0.0, 0.0, -0.0022894530557096004, 457.0, 0.0, 0.0, 0.0, -0.158529132604599, 0.9650253057479858, 3.0851050527569597
13755, 0.0027301933150738478, -1.9982293451903388e-05, 0.004343100357800722, 0.0010402348125353456, 127714.625, 156765.890625, 95410.9921875, 116783.7109375, 141649.625, 99451.4140625, 0.0, 0.0, 0.0, 0.0, 0.0, 0.0, 0.0, 0.0, -0.0033353802282363176, 457.0, 0.0, 0.0, 0.0, -0.1586439311504364, 0.9651066660881042, 3.0840193094871386
13775, 0.004898251034319401, -0.00026597612304612994, 0.015749113634228706, -0.00015624062507413328, 127730.5859375, 156760.09375, 95412.2109375, 116780.8671875, 141657.765625, 99450.1328125, 0.0, 0.0, 0.0, 0.0, 0.0, 0.0, 0.0, 0.0, -0.005901974160224199, 457.0, 0.0, 0.0, 0.0, -0.15854910016059875, 0.964920163154602, 3.086350266648229
13795, 0.0026695693377405405, -0.00026035314658656716, 0.0028672991320490837, -9.587038221070543e-05, 127728.9921875, 156758.15625, 95413.0, 116791.734375, 141650.125, 99453.453125, 0.0, 0.0, 0.0, 0.0, 0.0, 0.0, 0.0, 0.0, -0.006115491036325693, 464.0, 0.0, 0.0, 0.0, -0.15856032073497772, 0.9650068283081055, 3.0858009575817893
13815, 0.0026747460942715406, -0.000989418593235314, 0.00311150960624218, -0.003960857167840004, 127716.859375, 156762.03125, 95408.9921875, 116788.8828125, 141651.90625, 99457.53125, 0.0, 0.0, 0.0, 0.0, 0.0, 0.0, 0.0, 0.0, -0.003925125580281019, 464.0, 0.0, 0.0, 0.0, -0.15856102108955383, 0.9648846387863159, 3.084732560019576
13835, 0.002631318522617221, 0.00021156009461265057, 0.0023202230222523212, 0.0026519829407334328, 127719.09375, 156760.09375, 95407.7734375, 116789.5546875, 141651.40625, 99452.171875, 0.0, 0.0, 0.0, 0.0, 0.0, 0.0, 0.0, 0.0, -0.00295412284322083, 464.0, 0.0, 0.0, 0.0, -0.15861591696739197, 0.9650532603263855, 3.0853900612441123
13855, 0.002138594863936305, 0.0007207344169728458, -9.097670954361092e-07, 0.0049877287819981575, 127722.2890625, 156760.09375, 95407.7734375, 116793.078125, 141655.96875, 99457.53125, 0.0, 0.0, 0.0, 0.0, 0.0, 0.0, 0.0, 0.0, -0.00326989172026515, 459.0, 0.0, 0.0, 0.0, -0.15846848487854004, 0.9649454951286316, 3.0870073973767465
13875, 0.004088921006768942, -0.0009894933318719268, 0.010613028891384602, -0.0042804875411093235, 127723.5625, 156760.09375, 95408.9921875, 116785.8828125, 141662.328125, 99461.609375, 0.0, 0.0, 0.0, 0.0, 0.0, 0.0, 0.0, 0.0, -0.0037246861029416323, 459.0, 0.0, 0.0, 0.0, -0.15865829586982727, 0.964844822883606, 3.084262871459392
13895, 0.002868756651878357, -0.0002648287045303732, 0.004183579236268997, -0.00029555484070442617, 127730.265625, 156763.96875, 95405.765625, 116791.734375, 141660.046875, 99454.9609375, 0.0, 0.0, 0.0, 0.0, 0.0, 0.0, 0.0, 0.0, -0.003762567415833473, 464.0, 0.0, 0.0, 0.0, -0.1585710495710373, 0.9649112224578857, 3.0851468186110496
13915, 0.0040253750048577785, -0.00026235842960886657, 0.010412191040813923, -0.00040133975562639534, 127725.796875, 156760.09375, 95416.21875, 116787.3828125, 141658.25, 99451.4140625, 0.0, 0.0, 0.0, 0.0, 0.0, 0.0, 0.0, 0.0, -0.0013907728716731071, 464.0, 0.0, 0.0, 0.0, -0.1585695743560791, 0.9650688767433167, 3.0851764865601674
13935, 0.0026527855079621077, -0.000264881644397974, 0.0031002641189843416, -0.0006928567891009152, 127719.09375, 156760.09375, 95411.78125, 116793.90625, 141660.53125, 99457.53125, 0.0, 0.0, 0.0, 0.0, 0.0, 0.0, 0.0, 0.0, -0.00028287776513025165, 464.0, 0.0, 0.0, 0.0, -0.15862055122852325, 0.9649279117584229, 3.0830852823148795
13955, 0.003996200859546661, -0.00025976324104703963, 0.009822644293308258, -0.000736359681468457, 127728.03125, 156762.03125, 95419.4453125, 116787.3828125, 141651.90625, 99460.1015625, 0.0, 0.0, 0.0, 0.0, 0.0, 0.0, 0.0, 0.0, -0.003154009347781539, 461.0, 0.0, 0.0, 0.0, -0.15856188535690308, 0.96491539478302, 3.0853534783465912
13975, 0.002860991284251213, -0.0002589512150734663, 0.003847551764920354, -0.0006732441834174097, 127727.390625, 156760.09375, 95409.7734375, 116785.2109375, 141660.046875, 99459.5703125, 0.0, 0.0, 0.0, 0.0, 0.0, 0.0, 0.0, 0.0, -0.0029792976565659046, 461.0, 0.0, 0.0, 0.0, -0.15849405527114868, 0.9649192690849304, 3.0864856222375483
13995, 0.002412827219814062, -0.0004754651745315641, 0.0020156223326921463, -0.0022625690326094627, 127731.2265625, 156762.03125, 95419.0078125, 116791.734375, 141658.25, 99458.8125, 0.0, 0.0, 0.0, 0.0, 0.0, 0.0, 0.0, 0.0, -0.00232098251581192, 461.0, 0.0, 0.0, 0.0, -0.15859588980674744, 0.9648289084434509, 3.084428810206747
14015, 0.002841694513335824, -4.509561404120177e-05, 0.0039079743437469006, 0.00023809417325537652, 127731.859375, 156763.96875, 95413.0, 116786.7109375, 141658.25, 99459.5703125, 0.0, 0.0, 0.0, 0.0, 0.0, 0.0, 0.0, 0.0, -0.006027551367878914, 464.0, 0.0, 0.0, 0.0, -0.15855734050273895, 0.9650076031684875, 3.085184587389844
14035, 0.002672291360795498, -3.011095213878434e-05, 0.003220157464966178, 0.00025341424043290317, 127729.625, 156760.09375, 95410.5625, 116788.0625, 141658.75, 99456.7734375, 0.0, 0.0, 0.0, 0.0, 0.0, 0.0, 0.0, 0.0, -0.004071144852787256, 464.0, 0.0, 0.0, 0.0, -0.15853255987167358, 0.9649665951728821, 3.0861843361434516
14055, 0.002674628747627139, -3.335929795866832e-05, 0.00320017640478909, 4.140531018492766e-05, 127732.828125, 156762.03125, 95417.0078125, 116796.75, 141658.25, 99461.609375, 0.0, 0.0, 0.0, 0.0, 0.0, 0.0, 0.0, 0.0, -0.0036136459093540907, 464.0, 0.0, 0.0, 0.0, -0.15853777527809143, 0.965069591999054, 3.0854509091448814
14075, 0.0026933120097965, 0.00018007248581852764, 0.003368678968399763, 0.0014649450313299894, 127728.9921875, 156762.03125, 95415.7890625, 116789.5546875, 141658.25, 99457.0, 0.0, 0.0, 0.0, 0.0, 0.0, 0.0, 0.0, 0.0, -0.005917007569223642, 465.0, 0.0, 0.0, 0.0, -0.1585504114627838, 0.9650559425354004, 3.0855784505384984
14095, 0.0037103223148733377, -0.000302222091704607, 0.008992841467261314, -0.0013800413580611348, 127735.6953125, 156760.09375, 95416.21875, 116790.234375, 141658.75, 99462.890625, 0.0, 0.0, 0.0, 0.0, 0.0, 0.0, 0.0, 0.0, -0.008112500421702862, 465.0, 0.0, 0.0, 0.0, -0.1586001217365265, 0.9650154709815979, 3.0841795816726876
14115, 0.002765493933111429, -0.00031244163983501494, 0.004037374630570412, -0.0015435460954904556, 127730.265625, 156760.09375, 95411.78125, 116793.234375, 141659.546875, 99464.9296875, 0.0, 0.0, 0.0, 0.0, 0.0, 0.0, 0.0, 0.0, -0.009208940900862217, 464.0, 0.0, 0.0, 0.0, -0.1584950089454651, 0.9650088548660278, 3.087278739572405
14135, 0.0029694659169763327, -0.000292382639599964, 0.0052514588460326195, -0.001316893962211907, 127725.15625, 156762.03125, 95416.21875, 116791.0625, 141652.703125, 99466.21875, 0.0, 0.0, 0.0, 0.0, 0.0, 0.0, 0.0, 0.0, -0.010391333140432835, 464.0, 0.0, 0.0, 0.0, -0.1585886925458908, 0.9649356603622437, 3.0836479737542875
14155, 0.0029515083879232407, -4.97860019095242e-05, 0.005054831970483065, 3.354394721100107e-05, 127725.15625, 156758.15625, 95420.2265625, 116792.40625, 141658.25, 99457.53125, 0.0, 0.0, 0.0, 0.0, 0.0, 0.0, 0.0, 0.0, -0.013116593472659588, 464.0, 0.0, 0.0, 0.0, -0.15858790278434753, 0.9650139212608337, 3.085317974114622
14175, 0.002684174571186304, -0.0005006846622563899, 0.0035934988409280777, -0.002269552554935217, 127723.5625, 156762.03125, 95418.2265625, 116793.90625, 141660.53125, 99467.7265625, 0.0, 0.0, 0.0, 0.0, 0.0, 0.0, 0.0, 0.0, -0.012744213454425335, 462.0, 0.0, 0.0, 0.0, -0.15863855183124542, 0.9650769233703613, 3.0850217800536246
14195, 0.0026432948652654886, -1.6302947187796235e-05, 0.0031556342728435993, 6.978892633924261e-05, 127723.5625, 156760.09375, 95417.0078125, 116783.7109375, 141653.6875, 99460.3203125, 0.0, 0.0, 0.0, 0.0, 0.0, 0.0, 0.0, 0.0, -0.013695592060685158, 462.0, 0.0, 0.0, 0.0, -0.15864457190036774, 0.9650315046310425, 3.0844319509983236
14215, 0.0023919634986668825, -0.0002538442495279014, 0.0023895371705293655, -0.0011847125133499503, 127726.7578125, 156763.96875, 95413.0, 116797.578125, 141646.84375, 99458.28125, 0.0, 0.0, 0.0, 0.0, 0.0, 0.0, 0.0, 0.0, -0.011771968565881252, 462.0, 0.0, 0.0, 0.0, -0.1585540771484375, 0.965017557144165, 3.084827028626399
14235, 0.0016863273922353983, 0.00042505961027927697, -0.0012985584326088428, 0.0024527707137167454, 127729.625, 156763.96875, 95415.0, 116792.40625, 141657.765625, 99464.1796875, 0.0, 0.0, 0.0, 0.0, 0.0, 0.0, 0.0, 0.0, -0.005985422525554895, 460.0, 0.0, 0.0, 0.0, -0.15852172672748566, 0.9649658799171448, 3.0871038538645217
14255, 0.002393739065155387, 0.00022125893156044185, 0.0026866458356380463, 0.0007928564446046948, 127724.5234375, 156762.03125, 95420.2265625, 116797.578125, 141653.6875, 99461.609375, 0.0, 0.0, 0.0, 0.0, 0.0, 0.0, 0.0, 0.0, -0.008467008359730244, 460.0, 0.0, 0.0, 0.0, -0.15857179462909698, 0.9650426506996155, 3.0850705957185514
14275, 0.004665049258619547, -4.65605762656196e-06, 0.015277089551091194, -0.000989915686659515, 127727.390625, 156762.03125, 95419.0078125, 116800.421875, 141657.765625, 99463.6484375, 0.0, 0.0, 0.0, 0.0, 0.0, 0.0, 0.0, 0.0, -0.006963531021028757, 460.0, 0.0, 0.0, 0.0, -0.1585635244846344, 0.9649589657783508, 3.084808333344824
14295, 0.0023910775780677795, -0.00022004239144735038, 0.003126084338873625, -0.002474108012393117, 127735.0625, 156763.96875, 95421.8828125, 116798.25, 141656.46875, 99464.9296875, 0.0, 0.0, 0.0, 0.0, 0.0, 0.0, 0.0, 0.0, -0.006858628708869219, 459.0, 0.0, 0.0, 0.0, -0.1586437225341797, 0.964881181716919, 3.0836073655992537
14315, 0.0043739746324718, -1.9470155621093e-06, 0.014198887161910534, -0.0009730092715471983, 127730.265625, 156763.96875, 95422.6640625, 116798.25, 141657.265625, 99463.6484375, 0.0, 0.0, 0.0, 0.0, 0.0, 0.0, 0.0, 0.0, -0.007245632819831371, 459.0, 0.0, 0.0, 0.0, -0.15854233503341675, 0.9649814367294312, 3.085433093593713
14335, 0.0028974004089832306, -2.7261616196483374e-05, 0.0062873181886971, -0.0011882360558956861, 127722.921875, 156760.09375, 95422.234375, 116794.578125, 141653.203125, 99461.609375, 0.0, 0.0, 0.0, 0.0, 0.0, 0.0, 0.0, 0.0, -0.0062889596447348595, 459.0, 0.0, 0.0, 0.0, -0.15864059329032898, 0.9649242162704468, 3.08343938858182
14355, 0.002645297674462199, -0.0004712694208137691, 0.005098148249089718, -0.0036529207136482, 127728.9921875, 156763.96875, 95426.2421875, 116798.25, 141654.1875, 99463.6484375, 0.0, 0.0, 0.0, 0.0, 0.0, 0.0, 0.0, 0.0, -0.005358800757676363, 462.0, 0.0, 0.0, 0.0, -0.1586136668920517, 0.9649562239646912, 3.0829006798487013
14375, 0.0026829466223716736, -0.0002525392919778824, 0.005087006371468306, -0.00212843157351017, 127729.625, 156760.09375, 95423.453125, 116797.578125, 141653.6875, 99460.3203125, 0.0, 0.0, 0.0, 0.0, 0.0, 0.0, 0.0, 0.0, -0.005190141964703798, 462.0, 0.0, 0.0, 0.0, -0.15852227807044983, 0.9650413393974304, 3.0852207941815695
14395, 0.002787717618048191, -0.0002934226649813354, 0.005492012482136488, -0.0019839247688651085, 127727.390625, 156763.96875, 95421.015625, 116804.1015625, 141658.25, 99461.609375, 0.0, 0.0, 0.0, 0.0, 0.0, 0.0, 0.0, 0.0, -0.004383826162666082, 460.0, 0.0, 0.0, 0.0, -0.158477321267128, 0.9650315642356873, 3.0857541455544735
14415, 0.0022271880879998207, 0.0006977253942750394, 0.0022841247264295816, 0.003976155072450638, 127727.390625, 156760.09375, 95425.0234375, 116808.4453125, 141657.265625, 99463.6484375, 0.0, 0.0, 0.0, 0.0, 0.0, 0.0, 0.0, 0.0, -0.004896197933703661, 460.0, 0.0, 0.0, 0.0, -0.15861983597278595, 0.9649584889411926, 3.085036864385632
14435, 0.002454793779179454, -3.132910933345556e-05, 0.003685163566842675, -0.0003070757957175374, 127732.828125, 156758.15625, 95420.2265625, 116792.40625, 141665.90625, 99457.53125, 0.0, 0.0, 0.0, 0.0, 0.0, 0.0, 0.0, 0.0, -0.0034609881695359945, 460.0, 0.0, 0.0, 0.0, -0.15852314233779907, 0.9649671316146851, 3.0867463644240223
14455, 0.004096789285540581, -1.688324482529424e-05, 0.012331070378422737, 0.00038138884701766074, 127736.328125, 156758.15625, 95420.2265625, 116798.25, 141656.46875, 99463.6484375, 0.0, 0.0, 0.0, 0.0, 0.0, 0.0, 0.0, 0.0, -0.002330010524019599, 462.0, 0.0, 0.0, 0.0, -0.158685564994812, 0.9649081826210022, 3.082970755147618
14475, 0.002703011967241764, -1.5134171917452477e-05, 0.004487762693315744, 0.0002145293401554227, 127728.9921875, 156763.96875, 95421.015625, 116799.75, 141653.203125, 99463.6484375, 0.0, 0.0, 0.0, 0.0, 0.0, 0.0, 0.0, 0.0, -0.0029805137310177088, 462.0, 0.0, 0.0, 0.0, -0.15860970318317413, 0.9650319814682007, 3.0835363792769814
14495, 0.0027332298923283815, -2.346527253394015e-05, 0.004918147809803486, 0.0001327057252638042, 127737.9296875, 156758.15625, 95418.578125, 116798.921875, 141660.046875, 99464.3984375, 0.0, 0.0, 0.0, 0.0, 0.0, 0.0, 0.0, 0.0, -0.002196874236688018, 462.0, 0.0, 0.0, 0.0, -0.1584966480731964, 0.9650294184684753, 3.086357255054488
14515, 0.002794067608192563, 0.00019637112563941628, 0.005128802731633186, 0.0012009541969746351, 127730.265625, 156762.03125, 95417.0078125, 116800.421875, 141653.6875, 99467.7265625, 0.0, 0.0, 0.0, 0.0, 0.0, 0.0, 0.0, 0.0, -0.0010711051290854812, 460.0, 0.0, 0.0, 0.0, -0.15862248837947845, 0.9651023149490356, 3.085433063034894
14535, 0.002907844725996256, 0.00021876729442737997, 0.0056958855129778385, 0.0011253714328631759, 127728.03125, 156760.09375, 95419.796875, 116796.75, 141659.546875, 99471.8046875, 0.0, 0.0, 0.0, 0.0, 0.0, 0.0, 0.0, 0.0, -0.0025923578068614006, 460.0, 0.0, 0.0, 0.0, -0.15863265097141266, 0.9650124907493591, 3.0841615271043255
14555, 0.003134653437882662, 0.00020921370014548302, 0.006180616095662117, 0.0007221177802421153, 127733.4609375, 156762.03125, 95424.234375, 116800.421875, 141649.125, 99466.96875, 0.0, 0.0, 0.0, 0.0, 0.0, 0.0, 0.0, 0.0, -0.00410093367099762, 460.0, 0.0, 0.0, 0.0, -0.1586323231458664, 0.9650152921676636, 3.083648094770349
14575, 0.0028937445022165775, -0.000311081123072654, 0.005083318799734116, -0.002197790890932083, 127734.09375, 156760.09375, 95422.234375, 116796.078125, 141653.203125, 99465.6875, 0.0, 0.0, 0.0, 0.0, 0.0, 0.0, 0.0, 0.0, -0.003284105798229575, 462.0, 0.0, 0.0, 0.0, -0.15856346487998962, 0.9650256633758545, 3.085826303542933
14595, 0.0028323992155492306, 0.00022674212232232094, 0.004845135845243931, 0.00043084955541417, 127732.5, 156762.03125, 95421.796875, 116803.421875, 141651.40625, 99469.0078125, 0.0, 0.0, 0.0, 0.0, 0.0, 0.0, 0.0, 0.0, -0.003184611676260829, 462.0, 0.0, 0.0, 0.0, -0.15867890417575836, 0.9649243354797363, 3.08321245704445
14615, 0.002813897328451276, -0.0005148081108927727, 0.004916724748909473, -0.0036856725346297026, 127723.5625, 156763.96875, 95425.0234375, 116798.921875, 141652.703125, 99473.0859375, 0.0, 0.0, 0.0, 0.0, 0.0, 0.0, 0.0, 0.0, -0.0027019463013857603, 462.0, 0.0, 0.0, 0.0, -0.15863555669784546, 0.9649127125740051, 3.0830808480174503
14635, 0.003012466011568904, -0.0002405394916422665, 0.006069515831768513, -0.002103880513459444, 127731.859375, 156762.03125, 95421.796875, 116798.25, 141654.1875, 99471.8046875, 0.0, 0.0, 0.0, 0.0, 0.0, 0.0, 0.0, 0.0, -0.002374716568738222, 467.0, 0.0, 0.0, 0.0, -0.15859049558639526, 0.964962899684906, 3.084600809322271
14655, 0.002019027713686228, 0.0004933234304189682, 0.000822553236503154, 0.0017736742738634348, 127731.859375, 156760.09375, 95423.015625, 116798.25, 141653.6875, 99469.0078125, 0.0, 0.0, 0.0, 0.0, 0.0, 0.0, 0.0, 0.0, -0.002354223979637027, 467.0, 0.0, 0.0, 0.0, -0.1585179567337036, 0.9649525880813599, 3.086936697946063
14675, 0.003841897938400507, 0.0004945109831169248, 0.010672716423869133, 0.0016757489647716284, 127734.734375, 156762.03125, 95428.2421875, 116804.1015625, 141657.265625, 99463.6484375, 0.0, 0.0, 0.0, 0.0, 0.0, 0.0, 0.0, 0.0, -0.00013484644296113402, 462.0, 0.0, 0.0, 0.0, -0.15857142210006714, 0.9648672938346863, 3.0850037972912077
14695, 0.002649218775331974, 0.000269190437393263, 0.004320525098592043, 0.00030609636451117694, 127737.9296875, 156762.03125, 95427.0234375, 116794.578125, 141649.625, 99472.3359375, 0.0, 0.0, 0.0, 0.0, 0.0, 0.0, 0.0, 0.0, 0.0016087691765278578, 462.0, 0.0, 0.0, 0.0, -0.15857285261154175, 0.9649706482887268, 3.0844356203439203
14715, 0.002854028018191457, 5.383835741668008e-05, 0.005476600024849176, -0.0010357494466006756, 127727.390625, 156762.03125, 95430.25, 116800.421875, 141644.5625, 99474.375, 0.0, 0.0, 0.0, 0.0, 0.0, 0.0, 0.0, 0.0, 0.0005365204415284097, 462.0, 0.0, 0.0, 0.0, -0.15850715339183807, 0.9649785161018372, 3.0861463397023527
14735, 0.0025927089154720306