Timestamp,app.GpisLabel,app.KFMlpOutput1,app.KFMlpOutput2,app.MlpOutput1,app.MlpOutput2,range.front
37672,0,0.0,0.0,0.0,0.0,218
37692,0,0.0,0.0,0.0,0.0,218
37711,0,0.0,0.0,0.0,0.0,218
37732,0,0.0,0.0,0.0,0.0,222
37751,0,0.0,0.0,0.0,0.0,222
37771,0,0.0,0.0,0.0,0.0,222
37791,0,0.0,0.0,0.0,0.0,222
37811,0,0.0,0.0,0.0,0.0,222
37831,0,0.0,0.0,0.0,0.0,219
37851,0,0.0,0.0,0.0,0.0,219
37871,0,0.0,0.0,0.0,0.0,219
37891,0,0.0,0.0,0.0,0.0,219
37911,0,0.0,0.0,0.0,0.0,219
37931,0,0.0,0.0,0.0,0.0,219
37951,0,0.0,0.0,0.0,0.0,220
37971,0,0.0,0.0,0.0,0.0,220
37991,0,0.0,0.0,0.0,0.0,220
38012,0,0.0,0.0,0.0,0.0,220
38031,0,0.0,0.0,0.0,0.0,220
38051,0,0.0,0.0,0.0,0.0,220
38072,0,0.0,0.0,0.0,0.0,222
38092,0,0.0,0.0,0.0,0.0,222
38111,0,0.0,0.0,0.0,0.0,219
38132,0,0.0,0.0,0.0,0.0,219
38151,0,0.0,0.0,0.0,0.0,219
38171,0,0.0,0.0,0.0,0.0,219
38191,0,0.0,0.0,0.0,0.0,218
38211,0,0.0,0.0,0.0,0.0,218
38231,0,0.0,0.0,0.0,0.0,220
38251,0,0.0,0.0,0.0,0.0,220
38271,0,0.0,0.0,0.0,0.0,220
38291,0,0.0,0.0,0.0,0.0,219
38311,0,0.0,0.0,0.0,0.0,219
38331,0,0.0,0.0,0.0,0.0,219
38351,0,0.0,0.0,0.0,0.0,221
38372,0,0.0,0.0,0.0,0.0,221
38391,0,0.0,0.0,0.0,0.0,221
38411,0,0.0,0.0,0.0,0.0,217
38432,0,0.0,0.0,0.0,0.0,217
38452,0,0.0,0.0,0.0,0.0,217
38472,0,0.0,0.0,0.0,0.0,219
38492,0,0.0,0.0,0.0,0.0,219
38511,0,0.0,0.0,0.0,0.0,219
38533,0,0.0,0.0,0.0,0.0,221
38551,0,0.0,0.0,0.0,0.0,221
38571,0,0.0,0.0,0.0,0.0,221
38591,0,0.0,0.0,0.0,0.0,220
38611,0,0.0,0.0,0.0,0.0,220
38631,0,0.0,0.0,0.0,0.0,219
38651,0,0.0,0.0,0.0,0.0,219
38671,0,0.0,0.0,0.0,0.0,219
38691,0,0.0,0.0,0.0,0.0,220
38711,0,0.0,0.0,0.0,0.0,220
38731,0,0.0,0.0,0.0,0.0,220
38751,0,0.0,0.0,0.0,0.0,220
38771,0,0.0,0.0,0.0,0.0,220
38791,0,0.0,0.0,0.0,0.0,220
38812,0,0.0,0.0,0.0,0.0,219
38831,0,0.0,0.0,0.0,0.0,219
38851,0,0.0,0.0,0.0,0.0,219
38871,0,0.0,0.0,0.0,0.0,221
38891,0,0.0,0.0,0.0,0.0,221
38911,0,0.0,0.0,0.0,0.0,221
38931,0,0.0,0.0,0.0,0.0,219
38951,0,0.0,0.0,0.0,0.0,219
38971,0,0.0,0.0,0.0,0.0,219
38991,0,0.0,0.0,0.0,0.0,221
39011,0,0.0,0.0,0.0,0.0,221
39031,0,0.0,0.0,0.0,0.0,220
39051,0,0.0,0.0,0.0,0.0,220
39071,0,0.0,0.0,0.0,0.0,220
39091,0,0.0,0.0,0.0,0.0,220
39111,0,0.0,0.0,0.0,0.0,220
39131,0,0.0,0.0,0.0,0.0,220
39151,0,0.0,0.0,0.0,0.0,220
39171,0,0.0,0.0,0.0,0.0,220
39192,0,0.0,0.0,0.0,0.0,220
39211,0,0.0,0.0,0.0,0.0,218
39232,0,0.0,0.0,0.0,0.0,218
39251,0,0.0,0.0,0.0,0.0,218
39272,0,0.0,0.0,0.0,0.0,220
39292,0,0.0,0.0,0.0,0.0,220
39311,0,0.0,0.0,0.0,0.0,220
39331,0,0.0,0.0,0.0,0.0,221
39352,0,0.0,0.0,0.0,0.0,221
39371,0,0.0,0.0,0.0,0.0,221
39392,0,0.0,0.0,0.0,0.0,221
39412,0,0.0,0.0,0.0,0.0,221
39432,0,0.0,0.0,0.0,0.0,222
39452,0,0.0,0.0,0.0,0.0,222
39472,0,0.0,0.0,0.0,0.0,222
39492,0,0.0,0.0,0.0,0.0,221
39512,0,0.0,0.0,0.0,0.0,221
39532,0,0.0,0.0,0.0,0.0,221
39552,0,0.0,0.0,0.0,0.0,223
39571,0,0.0,0.0,0.0,0.0,223
39591,0,0.0,0.0,0.0,0.0,223
39611,0,0.0,0.0,0.0,0.0,218
39631,0,0.0,0.0,0.0,0.0,218
39651,0,0.0,0.0,0.0,0.0,218
39671,0,0.0,0.0,0.0,0.0,220
39691,0,0.0,0.0,0.0,0.0,220
39711,0,0.0,0.0,0.0,0.0,220
39731,0,0.0,0.0,0.0,0.0,221
39751,0,0.0,0.0,0.0,0.0,221
39771,0,0.0,0.0,0.0,0.0,221
39791,0,0.0,0.0,0.0,0.0,222
39811,0,0.0,0.0,0.0,0.0,222
39831,0,0.0,0.0,0.0,0.0,222
39852,0,0.0,0.0,0.0,0.0,221
39871,0,0.0,0.0,0.0,0.0,221
39892,0,0.0,0.0,0.0,0.0,222
39911,0,0.0,0.0,0.0,0.0,222
39931,0,0.0,0.0,0.0,0.0,222
39952,0,0.0,0.0,0.0,0.0,221
39972,0,0.0,0.0,0.0,0.0,221
39991,0,0.0,0.0,0.0,0.0,221
40011,0,0.0,0.0,0.0,0.0,220
40031,0,0.0,0.0,0.0,0.0,220
40051,0,0.0,0.0,0.0,0.0,220
40071,0,0.0,0.0,0.0,0.0,222
40091,0,0.0,0.0,0.0,0.0,222
40111,0,0.0,0.0,0.0,0.0,222
40131,0,0.0,0.0,0.0,0.0,222
40151,0,0.0,0.0,0.0,0.0,222
40171,0,0.0,0.0,0.0,0.0,222
40191,0,0.0,0.0,0.0,0.0,219
40211,0,0.0,0.0,0.0,0.0,219
40231,0,0.0,0.0,0.0,0.0,219
40252,0,0.0,0.0,0.0,0.0,222
40272,0,0.0,0.0,0.0,0.0,222
40292,0,0.0,0.0,0.0,0.0,221
40311,0,0.0,0.0,0.0,0.0,221
40331,0,0.0,0.0,0.0,0.0,221
40351,0,0.0,0.0,0.0,0.0,221
40372,0,0.0,0.0,0.0,0.0,221
40391,0,0.0,0.0,0.0,0.0,221
40411,0,0.0,0.0,0.0,0.0,219
40431,0,0.0,0.0,0.0,0.0,219
40451,0,0.0,0.0,0.0,0.0,219
40471,0,0.0,0.0,0.0,0.0,219
40491,0,0.0,0.0,0.0,0.0,219
40511,0,0.0,0.0,0.0,0.0,219
40531,0,0.0,0.0,0.0,0.0,221
40551,0,0.0,0.0,0.0,0.0,221
40571,0,0.0,0.0,0.0,0.0,221
40592,0,0.0,0.0,0.0,0.0,221
40611,0,0.0,0.0,0.0,0.0,221
40632,0,0.0,0.0,0.0,0.0,221
40652,0,0.0,0.0,0.0,0.0,221
40673,0,0.0,0.0,0.0,0.0,221
40693,0,0.0,0.0,0.0,0.0,219
40713,0,0.0,0.0,0.0,0.0,219
40731,0,0.0,0.0,0.0,0.0,219
40751,0,0.0,0.0,0.0,0.0,219
40771,0,0.0,0.0,0.0,0.0,219
40791,0,0.0,0.0,0.0,0.0,219
40811,0,0.0,0.0,0.0,0.0,221
40831,0,0.0,0.0,0.0,0.0,221
40851,0,0.0,0.0,0.0,0.0,221
40871,0,0.0,0.0,0.0,0.0,219
40891,0,0.0,0.0,0.0,0.0,219
40911,0,0.0,0.0,0.0,0.0,219
40931,0,0.0,0.0,0.0,0.0,221
40951,0,0.0,0.0,0.0,0.0,221
40971,0,0.0,0.0,0.0,0.0,221
40991,0,0.0,0.0,0.0,0.0,219
41011,0,0.0,0.0,0.0,0.0,219
41031,0,0.0,0.0,0.0,0.0,219
41051,0,0.0,0.0,0.0,0.0,221
41072,0,0.0,0.0,0.0,0.0,221
41092,0,0.0,0.0,0.0,0.0,219
41112,0,0.0,0.0,0.0,0.0,219
41132,0,0.0,0.0,0.0,0.0,219
41151,0,0.0,0.0,0.0,0.0,221
41172,0,0.0,0.0,0.0,0.0,221
41191,0,0.0,0.0,0.0,0.0,221
41211,0,0.0,0.0,0.0,0.0,220
41231,0,0.0,0.0,0.0,0.0,220
41251,0,0.0,0.0,0.0,0.0,220
41271,0,0.0,0.0,0.0,0.0,221
41291,0,0.0,0.0,0.0,0.0,221
41311,0,0.0,0.0,0.0,0.0,221
41331,0,0.0,0.0,0.0,0.0,220
41352,0,0.0,0.0,0.0,0.0,220
41371,0,0.0,0.0,0.0,0.0,220
41392,0,0.0,0.0,0.0,0.0,222
41412,0,0.0,0.0,0.0,0.0,222
41431,0,0.0,0.0,0.0,0.0,222
41451,0,0.0,0.0,0.0,0.0,219
41471,0,0.0,0.0,0.0,0.0,219
41492,0,0.0,0.0,0.0,0.0,220
41511,0,0.0,0.0,0.0,0.0,220
41532,0,0.0,0.0,0.0,0.0,220
41552,0,0.0,0.0,0.0,0.0,218
41571,0,0.0,0.0,0.0,0.0,218
41591,0,0.0,0.0,0.0,0.0,218
41611,0,0.0,0.0,0.0,0.0,221
41631,0,0.0,0.0,0.0,0.0,221
41651,0,0.0,0.0,0.0,0.0,221
41672,0,0.0,0.0,0.0,0.0,217
41691,0,0.0,0.0,0.0,0.0,217
41711,0,0.0,0.0,0.0,0.0,217
41731,0,0.0,0.0,0.0,0.0,221
41751,0,0.0,0.0,0.0,0.0,221
41771,0,0.0,0.0,0.0,0.0,221
41792,0,0.0,0.0,0.0,0.0,220
41811,0,0.0,0.0,0.0,0.0,220
41831,0,0.0,0.0,0.0,0.0,220
41852,0,0.0,0.0,0.0,0.0,220
41872,0,0.0,0.0,0.0,0.0,220
41891,0,0.0,0.0,0.0,0.0,220
41911,0,0.0,0.0,0.0,0.0,218
41932,0,0.0,0.0,0.0,0.0,218
41952,0,0.0,0.0,0.0,0.0,221
41971,0,0.0,0.0,0.0,0.0,221
41991,0,0.0,0.0,0.0,0.0,221
42011,0,0.0,0.0,0.0,0.0,220
42031,0,0.0,0.0,0.0,0.0,220
42051,0,0.0,0.0,0.0,0.0,220
42071,0,0.0,0.0,0.0,0.0,219
42091,0,0.0,0.0,0.0,0.0,219
42111,0,0.0,0.0,0.0,0.0,219
42131,0,0.0,0.0,0.0,0.0,220
42151,0,0.0,0.0,0.0,0.0,220
42171,0,0.0,0.0,0.0,0.0,220
42191,0,0.0,0.0,0.0,0.0,218
42211,0,0.0,0.0,0.0,0.0,218
42232,0,0.0,0.0,0.0,0.0,218
42252,0,0.0,0.0,0.0,0.0,218
42272,0,0.0,0.0,0.0,0.0,218
42291,0,0.0,0.0,0.0,0.0,215
42311,0,0.0,0.0,0.0,0.0,215
42331,0,0.0,0.0,0.0,0.0,215
42351,0,0.0,0.0,0.0,0.0,216
42372,0,0.0,0.0,0.0,0.0,216
42391,0,0.0,0.0,0.0,0.0,216
42411,0,0.0,0.0,0.0,0.0,213
42431,0,0.0,0.0,0.0,0.0,213
42451,0,0.0,0.0,0.0,0.0,213
42471,0,0.0,0.0,0.0,0.0,209
42493,0,0.0,0.0,0.0,0.0,209
42511,0,0.0,0.0,0.0,0.0,209
42531,0,0.0,0.0,0.0,0.0,207
42551,0,0.0,0.0,0.0,0.0,207
42571,0,0.0,0.0,0.0,0.0,207
42591,0,0.0,0.0,0.0,0.0,206
42612,0,0.0,0.0,0.0,0.0,206
42631,0,0.0,0.0,0.0,0.0,203
42651,0,0.0,0.0,0.0,0.0,203
42671,0,0.0,0.0,0.0,0.0,203
42691,0,0.0,0.0,0.0,0.0,197
42711,0,0.0,0.0,0.0,0.0,197
42731,0,0.0,0.0,0.0,62.371803283691406,197
42751,0,0.0,0.0,0.0,63.70463562011719,192
42771,0,0.0,0.0,0.0,65.9698486328125,192
42791,0,0.0,0.0,74.52151489257812,68.05168914794922,192
42811,0,0.0,0.0,75.6286392211914,69.94770050048828,187
42831,0,0.0,0.0,76.6297607421875,72.71900939941406,187
42851,0,0.0,0.0,77.64474487304688,76.17425537109375,187
42871,0,0.0,0.0,78.60652923583984,80.12857818603516,186
42891,0,0.0,0.0,79.36560821533203,83.42430114746094,186
42912,0,0.0,0.0,80.72817993164062,85.72419738769531,186
42932,0,0.0,0.0,82.44120788574219,87.73558044433594,180
42951,0,0.0,0.0,83.10357666015625,90.21170806884766,180
42971,0,0.0,0.0,83.76344299316406,92.10895538330078,179
42992,0,0.0,0.0,84.95906066894531,93.50369262695312,179
43011,0,0.0,0.0,85.80792236328125,94.8092041015625,179
43031,0,0.0,0.0,86.54652404785156,95.7745590209961,179
43052,0,0.0,0.0,87.21771240234375,96.71231842041016,173
43072,0,0.0,0.0,87.38611602783203,97.983154296875,173
43091,0,0.0,0.0,87.91932678222656,99.62850952148438,170
43111,0,0.0,0.0,88.59053802490234,101.0062255859375,170
43131,0,0.0,0.0,89.26438903808594,102.1814193725586,170
43151,0,0.0,0.0,89.42098999023438,103.52324676513672,167
43172,0,0.0,0.0,89.54904174804688,104.80171966552734,167
43192,0,0.0,0.0,89.97528839111328,105.75443267822266,167
43212,0,0.0,0.0,90.45890808105469,106.75384521484375,164
43231,0,0.0,0.0,90.7171630859375,107.607177734375,164
43252,0,0.0,0.0,90.88688659667969,108.24791717529297,164
43273,0,0.0,0.0,91.20885467529297,109.28217315673828,162
43293,0,0.0,0.0,91.4227523803711,110.61164093017578,162
43312,0,0.0,0.0,91.53223419189453,113.01913452148438,162
43333,0,0.0,0.0,91.65802001953125,114.26972198486328,159
43352,0,0.0,0.0,91.78980255126953,114.0615463256836,159
43372,0,0.0,0.0,92.00308990478516,114.15205383300781,157
43391,0,0.0,0.0,92.34781646728516,114.4426498413086,157
43411,0,0.0,0.0,92.6173324584961,114.9638671875,157
43431,0,0.0,0.0,92.80001068115234,115.34515380859375,154
43451,0,0.0,0.0,92.77375030517578,115.28768157958984,154
43471,0,0.0,0.0,92.7781982421875,115.2247085571289,154
43491,0,0.0,0.0,93.12395477294922,115.13746643066406,152
43511,0,0.0,0.0,93.43101501464844,115.06806945800781,152
43531,0,0.0,0.0,93.57328033447266,115.58331298828125,152
43551,0,0.0,0.0,93.85285186767578,116.370361328125,148
43571,0,0.0,0.0,94.43733978271484,116.42852783203125,148
43591,0,0.0,0.0,94.9630355834961,115.76860046386719,148
43611,0,0.0,0.0,95.26078033447266,115.39808654785156,149
43631,0,0.0,0.0,95.33106231689453,114.93536376953125,149
43651,0,0.0,0.0,95.34759521484375,114.48250579833984,149
43671,0,0.0,0.0,95.52426147460938,114.63865661621094,147
43692,0,0.0,0.0,96.29776000976562,114.76898956298828,147
43712,0,0.0,0.0,96.92725372314453,114.91016387939453,146
43731,0,0.0,0.0,97.03004455566406,115.48845672607422,146
43752,0,0.0,0.0,97.01993560791016,115.83055114746094,146
43771,0,0.0,0.0,97.60228729248047,115.65672302246094,145
43791,0,0.0,0.0,98.50559997558594,115.2137451171875,145
43812,0,0.0,0.0,98.98622131347656,114.99784088134766,145
43831,0,0.0,0.0,99.4396743774414,115.1988754272461,142
43851,0,0.0,0.0,99.68014526367188,115.90231323242188,142
43871,0,0.0,0.0,100.25262451171875,116.44486999511719,142
43891,0,0.0,0.0,100.82060241699219,116.8800277709961,138
43911,0,0.0,0.0,100.82093048095703,116.9346923828125,138
43931,0,0.0,0.0,100.67345428466797,116.5830078125,138
43951,0,0.0,0.0,100.81924438476562,116.43856048583984,139
43971,0,0.0,0.0,101.5500717163086,116.5911865234375,139
43991,0,0.0,0.0,102.23827362060547,116.89453125,139
44012,0,0.0,0.0,102.57142639160156,116.739501953125,137
44031,0,0.0,0.0,102.79141998291016,116.71668243408203,137
44051,0,0.0,0.0,102.91438293457031,117.08815002441406,137
44071,0,0.0,0.0,103.05306243896484,117.41625213623047,137
44091,0,0.0,0.0,103.16535949707031,117.45911407470703,137
44111,0,0.0,0.0,103.18916320800781,117.341064453125,136
44131,0,0.0,0.0,103.15139770507812,116.96958923339844,136
44151,0,0.0,0.0,103.3786392211914,117.1819839477539,136
44171,0,0.0,0.0,103.70121002197266,117.59452819824219,134
44192,0,0.0,0.0,103.89800262451172,118.12712097167969,134
44211,0,0.0,0.0,104.12793731689453,118.74842834472656,134
44231,0,0.0,0.0,104.59721374511719,118.65424346923828,134
44251,0,0.0,0.0,105.10519409179688,118.71852111816406,134
44271,0,0.0,0.0,105.60145568847656,118.44953155517578,134
44291,0,0.0,0.0,106.53569793701172,117.67514038085938,134
44311,0,0.0,0.0,107.0403060913086,117.37307739257812,134
44331,0,0.0,0.0,107.0964126586914,117.7600326538086,134
44351,0,0.0,0.0,107.26309967041016,118.26471710205078,133
44371,0,0.0,0.0,106.93077850341797,118.07417297363281,133
44391,0,0.0,0.0,106.74137115478516,118.05298614501953,133
44411,0,0.0,0.0,107.62699127197266,118.24281311035156,134
44431,0,0.0,0.0,108.37445831298828,117.67890167236328,134
44451,0,0.0,0.0,108.5572509765625,116.58528137207031,134
44471,0,0.0,0.0,108.88011932373047,116.17765045166016,131
44491,0,0.0,0.0,108.9142074584961,116.5294418334961,131
44512,0,0.0,0.0,108.66181182861328,116.55335235595703,132
44532,0,0.0,0.0,108.42198181152344,116.2867660522461,132
44552,0,0.0,0.0,108.43775939941406,116.15967559814453,132
44571,0,0.0,0.0,108.27729034423828,116.05453491210938,130
44592,0,0.0,0.0,108.02483367919922,116.25907135009766,130
44611,0,0.0,0.0,108.63484191894531,116.73380279541016,130
44632,0,0.0,0.0,109.33759307861328,116.9648208618164,130
44651,0,0.0,0.0,109.6091537475586,117.10358428955078,130
44671,0,0.0,0.0,110.15587615966797,117.23018646240234,130
44691,0,0.0,0.0,110.5057601928711,117.54164123535156,128
44711,0,0.0,0.0,110.05425262451172,117.70684051513672,128
44731,0,0.0,0.0,109.61077880859375,117.82337951660156,128
44751,0,0.0,0.0,109.64646911621094,118.10021209716797,128
44771,0,0.0,0.0,109.258056640625,118.17231750488281,128
44792,0,0.0,0.0,108.86263275146484,117.94550323486328,128
44811,0,0.0,0.0,109.1357421875,117.67879486083984,128
44832,0,0.0,0.0,109.45865631103516,117.37734985351562,128
44852,0,0.0,0.0,109.57476806640625,117.26590728759766,126
44871,0,0.0,0.0,109.8529281616211,117.59561157226562,126
44892,0,0.0,0.0,109.82975769042969,117.730224609375,126
44911,0,0.0,0.0,109.62896728515625,117.62142181396484,126
44931,0,0.0,0.0,109.86153411865234,117.69502258300781,126
44951,0,0.0,0.0,109.98796081542969,117.56876373291016,126
44972,0,0.0,0.0,109.60198211669922,117.39494323730469,123
44992,0,0.0,0.0,109.73197937011719,117.7820053100586,123
45012,0,0.0,0.0,109.88484954833984,118.3009033203125,123
45031,0,0.0,0.0,109.69640350341797,118.5549087524414,123
45051,0,0.0,0.0,109.64286804199219,118.8750991821289,123
45071,0,0.0,0.0,109.45085144042969,119.33158874511719,123
45091,0,0.0,0.0,109.59176635742188,119.66714477539062,121
45111,0,0.0,0.0,109.7323989868164,119.24117279052734,121
45131,0,0.0,0.0,109.73347473144531,118.57011413574219,121
45151,0,0.0,0.0,109.86170959472656,118.60405731201172,122
45171,0,0.0,0.0,110.26171875,118.87578582763672,122
45191,0,0.0,0.0,111.38480377197266,118.93583679199219,122
45212,0,0.0,0.0,111.94884490966797,118.80366516113281,119
45232,0,0.0,0.0,112.27510833740234,118.33670806884766,119
45252,0,0.0,0.0,112.97897338867188,118.83475494384766,121
45272,0,0.0,0.0,113.44266510009766,120.0067138671875,121
45291,0,0.0,0.0,114.65391540527344,120.57843017578125,121
45311,0,0.0,0.0,115.64363861083984,121.06231689453125,121
45331,0,0.0,0.0,115.95820617675781,120.93537902832031,122
45351,0,0.0,0.0,116.83722686767578,120.46259307861328,122
45371,0,0.0,0.0,117.37959289550781,120.09159088134766,122
45391,0,0.0,0.0,117.9327621459961,119.8956069946289,122
45411,0,0.0,0.0,118.53485107421875,120.3182373046875,122
45431,0,0.0,0.0,118.54774475097656,120.4307632446289,122
45451,0,0.0,0.0,118.4240951538086,120.39690399169922,122
45471,0,0.0,0.0,118.84788513183594,120.53502655029297,122
45491,0,0.0,0.0,119.28534698486328,120.54264831542969,122
45511,0,0.0,0.0,119.34260559082031,120.67488098144531,122
45531,0,0.0,0.0,119.31864166259766,120.77140045166016,122
45551,0,0.0,0.0,118.40253448486328,120.73699188232422,121
45571,0,0.0,0.0,117.8399887084961,121.06475830078125,121
45591,0,0.0,0.0,117.78455352783203,121.31716918945312,121
45611,0,0.0,0.0,117.19589233398438,121.16267395019531,123
45631,0,0.0,0.0,116.70552825927734,121.10321807861328,123
45652,0,0.0,0.0,116.49871826171875,120.9229736328125,124
45671,0,0.0,0.0,116.46621704101562,120.6583023071289,124
45691,0,0.0,0.0,116.313720703125,119.93982696533203,124
45711,0,0.0,0.0,116.01941680908203,119.3507308959961,125
45731,0,0.0,0.0,115.58395385742188,118.96696472167969,125
45751,0,0.0,0.0,116.04924011230469,118.47406005859375,125
45771,0,0.0,0.0,116.67029571533203,118.43620300292969,127
45791,0,0.0,0.0,116.37548828125,118.74341583251953,127
45811,0,0.0,0.0,115.81613159179688,118.9638671875,127
45831,0,0.0,0.0,115.53120422363281,118.97168731689453,130
45851,0,0.0,0.0,114.50237274169922,118.59685516357422,130
45871,0,0.0,0.0,113.33055877685547,118.19451904296875,130
45891,0,0.0,0.0,112.83370208740234,117.90316009521484,130
45911,0,0.0,0.0,112.3262939453125,117.84644317626953,130
45931,0,0.0,0.0,112.77080535888672,118.1928939819336,130
45951,0,0.0,0.0,113.00109100341797,118.41570281982422,132
45972,0,0.0,0.0,112.40446472167969,118.13009643554688,132
45991,0,0.0,0.0,111.9082260131836,117.63565063476562,132
46011,0,0.0,0.0,110.89105987548828,117.5546875,136
46031,0,0.0,0.0,109.7468032836914,117.43949127197266,136
46051,0,0.0,0.0,109.0491714477539,117.02793884277344,136
46072,0,0.0,0.0,108.33296203613281,116.94236755371094,136
46091,0,0.0,0.0,108.0572280883789,116.71735382080078,136
46111,0,0.0,0.0,107.8681869506836,116.15316009521484,136
46132,0,0.0,0.0,107.33976745605469,115.65980529785156,140
46151,0,0.0,0.0,106.36685943603516,115.1418228149414,140
46171,0,0.0,0.0,105.51673126220703,114.700439453125,143
46191,0,0.0,0.0,105.41572570800781,114.29583740234375,143
46211,0,0.0,0.0,105.61641693115234,113.77057647705078,143
46231,0,0.0,0.0,105.19509887695312,113.09793090820312,144
46251,0,0.0,0.0,104.14421081542969,112.21900177001953,144
46271,0,0.0,0.0,102.35665130615234,111.23941802978516,144
46291,0,0.0,0.0,100.63227081298828,110.61822509765625,148
46311,0,0.0,0.0,99.82938385009766,110.08985900878906,148
46331,0,0.0,0.0,99.5678939819336,109.47831726074219,148
46352,0,0.0,0.0,98.6745834350586,108.50845336914062,150
46372,0,0.0,0.0,97.48197174072266,107.14424133300781,150
46391,0,0.0,0.0,96.89957427978516,105.7520980834961,150
46411,0,0.0,0.0,96.31619262695312,104.44857788085938,151
46432,0,0.0,0.0,95.01808166503906,103.2801284790039,151
46451,0,0.0,0.0,93.662841796875,102.5269546508789,151
46471,0,0.0,0.0,92.41588592529297,102.03926849365234,154
46492,0,0.0,0.0,90.65077209472656,101.16205596923828,154
46511,0,0.0,0.0,88.69368743896484,99.998046875,157
46531,0,0.0,0.0,86.37303161621094,98.28089141845703,157
46551,0,0.0,0.0,84.34847259521484,96.79346466064453,157
46571,0,0.0,0.0,83.49663543701172,95.58976745605469,160
46591,0,0.0,0.0,83.21961975097656,93.17093658447266,160
46611,0,0.0,0.0,82.23562622070312,90.42144012451172,160
46631,0,0.0,0.0,81.07946014404297,87.34939575195312,162
46651,0,0.0,0.0,79.82633209228516,83.79911041259766,162
46671,0,0.0,0.0,0.0,81.05657958984375,162
46691,0,0.0,0.0,0.0,79.1867446899414,164
46711,0,0.0,0.0,0.0,76.58146667480469,164
46731,0,0.0,0.0,0.0,73.0035400390625,164
46751,0,0.0,0.0,0.0,70.29906463623047,167
46771,0,0.0,0.0,0.0,68.42321014404297,167
46792,0,0.0,0.0,0.0,66.85623168945312,167
46811,0,0.0,0.0,0.0,65.516357421875,170
46831,0,0.0,0.0,0.0,0.0,170
46852,0,0.0,0.0,0.0,0.0,170
46872,0,0.0,0.0,0.0,0.0,174
46892,0,0.0,0.0,0.0,0.0,174
46913,0,0.0,0.0,0.0,0.0,176
46931,0,0.0,0.0,0.0,0.0,176
46953,0,0.0,0.0,0.0,0.0,176
46973,0,0.0,0.0,0.0,0.0,180
46992,0,0.0,0.0,0.0,0.0,180
47012,0,0.0,0.0,0.0,0.0,180
47032,0,0.0,0.0,0.0,0.0,182
47052,0,0.0,0.0,0.0,0.0,182
47072,0,0.0,0.0,0.0,0.0,182
47092,0,0.0,0.0,0.0,0.0,186
47112,0,0.0,0.0,0.0,0.0,186
47131,0,0.0,0.0,0.0,0.0,186
47152,0,0.0,0.0,0.0,0.0,189
47171,0,0.0,0.0,0.0,0.0,189
47191,0,0.0,0.0,0.0,0.0,189
47211,0,0.0,0.0,0.0,0.0,190
47231,0,0.0,0.0,0.0,0.0,190
47251,0,0.0,0.0,0.0,0.0,190
47271,0,0.0,0.0,0.0,0.0,194
47291,0,0.0,0.0,0.0,0.0,194
47311,0,0.0,0.0,0.0,0.0,200
47331,0,0.0,0.0,0.0,0.0,200
47351,0,0.0,0.0,0.0,0.0,200
47371,0,0.0,0.0,0.0,0.0,202
47391,0,0.0,0.0,0.0,0.0,202
47411,0,0.0,0.0,0.0,0.0,202
47431,0,0.0,0.0,0.0,0.0,208
47451,0,0.0,0.0,0.0,0.0,208
47471,0,0.0,0.0,0.0,0.0,208
47491,0,0.0,0.0,0.0,0.0,211
47511,0,0.0,0.0,0.0,0.0,211
47531,0,0.0,0.0,0.0,0.0,211
47552,0,0.0,0.0,0.0,0.0,215
47571,0,0.0,0.0,0.0,0.0,215
47592,0,0.0,0.0,0.0,0.0,215
47611,0,0.0,0.0,0.0,0.0,218
47632,0,0.0,0.0,0.0,0.0,218
47651,0,0.0,0.0,0.0,0.0,218
47671,0,0.0,0.0,0.0,0.0,223
47691,0,0.0,0.0,0.0,0.0,223
47711,0,0.0,0.0,0.0,0.0,223
47731,0,0.0,0.0,0.0,0.0,227
47751,0,0.0,0.0,0.0,0.0,227
47771,0,0.0,0.0,0.0,0.0,225
47791,0,0.0,0.0,0.0,0.0,225
47811,0,0.0,0.0,0.0,0.0,225
47832,0,0.0,0.0,0.0,0.0,232
47852,0,0.0,0.0,0.0,0.0,232
47871,0,0.0,0.0,0.0,0.0,232
47891,0,0.0,0.0,0.0,0.0,231
47911,0,0.0,0.0,0.0,0.0,231
47931,0,0.0,0.0,0.0,0.0,231
47952,0,0.0,0.0,0.0,0.0,241
47971,0,0.0,0.0,0.0,0.0,241
47992,0,0.0,0.0,0.0,0.0,241
48012,0,0.0,0.0,0.0,0.0,240
48031,0,0.0,0.0,0.0,0.0,240
48051,0,0.0,0.0,0.0,0.0,243
48071,0,0.0,0.0,0.0,0.0,243
48091,0,0.0,0.0,0.0,0.0,243
48111,0,0.0,0.0,0.0,0.0,244
48131,0,0.0,0.0,0.0,0.0,244
48151,0,0.0,0.0,0.0,0.0,244
48172,0,0.0,0.0,0.0,0.0,245
48192,0,0.0,0.0,0.0,0.0,245
48212,0,0.0,0.0,0.0,0.0,245
48232,0,0.0,0.0,0.0,0.0,249
48251,0,0.0,0.0,0.0,0.0,249
48272,0,0.0,0.0,0.0,0.0,249
48292,0,0.0,0.0,0.0,0.0,248
48311,0,0.0,0.0,0.0,0.0,248
48331,0,0.0,0.0,0.0,0.0,248
48351,0,0.0,0.0,0.0,0.0,249
48371,0,0.0,0.0,0.0,0.0,249
48391,0,0.0,0.0,0.0,0.0,249
48411,0,0.0,0.0,0.0,0.0,249
48431,0,0.0,0.0,0.0,0.0,249
48451,0,0.0,0.0,0.0,0.0,247
48471,0,0.0,0.0,0.0,0.0,247
48491,0,0.0,0.0,0.0,0.0,247
48511,0,0.0,0.0,0.0,0.0,249
48531,0,0.0,0.0,0.0,0.0,249
48551,0,0.0,0.0,0.0,0.0,249
48571,0,0.0,0.0,0.0,0.0,247
48591,0,0.0,0.0,0.0,0.0,247
48612,0,0.0,0.0,0.0,0.0,247
48632,0,0.0,0.0,0.0,0.0,247
48652,0,0.0,0.0,0.0,0.0,247
48671,0,0.0,0.0,0.0,0.0,247
48693,0,0.0,0.0,0.0,0.0,248
48713,0,0.0,0.0,0.0,0.0,248
48731,0,0.0,0.0,0.0,0.0,248
48751,0,0.0,0.0,0.0,0.0,249
48772,0,0.0,0.0,0.0,0.0,249
48791,0,0.0,0.0,0.0,0.0,249
48811,0,0.0,0.0,0.0,0.0,249
48831,0,0.0,0.0,0.0,0.0,249
48851,0,0.0,0.0,0.0,0.0,247
48871,0,0.0,0.0,0.0,0.0,247
48891,0,0.0,0.0,0.0,0.0,247
48911,0,0.0,0.0,0.0,0.0,249
48931,0,0.0,0.0,0.0,0.0,249
48951,0,0.0,0.0,0.0,0.0,249
48971,0,0.0,0.0,0.0,0.0,249
48991,0,0.0,0.0,0.0,0.0,249
49012,0,0.0,0.0,0.0,0.0,249
49031,0,0.0,0.0,0.0,0.0,248
49052,0,0.0,0.0,0.0,0.0,248
49071,0,0.0,0.0,0.0,63.79788589477539,248
49092,0,0.0,0.0,0.0,65.77688598632812,248
49113,0,0.0,0.0,0.0,67.80876922607422,248
49131,0,0.0,0.0,0.0,69.35406494140625,248
49151,0,0.0,0.0,0.0,70.66873931884766,247
49171,0,0.0,0.0,0.0,71.7292251586914,247
49191,0,0.0,0.0,0.0,72.37417602539062,249
49211,0,0.0,0.0,0.0,72.97122192382812,249
49231,0,0.0,0.0,0.0,73.99569702148438,249
49251,0,0.0,0.0,0.0,74.73829650878906,247
49271,0,0.0,0.0,0.0,74.95803833007812,247
49291,0,0.0,0.0,0.0,75.21107482910156,247
49311,0,0.0,0.0,0.0,75.91971588134766,248
49331,0,0.0,0.0,0.0,76.91361236572266,248
49351,0,0.0,0.0,0.0,77.95433044433594,248
49371,0,0.0,0.0,0.0,79.052001953125,249
49392,0,0.0,0.0,0.0,79.6929702758789,249
49411,0,0.0,0.0,0.0,79.82926940917969,249
49431,0,0.0,0.0,0.0,80.06534576416016,247
49452,0,0.0,0.0,0.0,80.12037658691406,247
49472,0,0.0,0.0,0.0,80.52864074707031,247
49492,0,0.0,0.0,79.50141906738281,81.2884750366211,247
49511,0,0.0,0.0,79.96522521972656,82.14876556396484,247
49531,0,0.0,0.0,80.5721435546875,83.4962158203125,247
49552,0,0.0,0.0,80.78726196289062,84.95575714111328,247
49571,0,0.0,0.0,81.0553970336914,85.75882720947266,247
49591,0,0.0,0.0,81.54058074951172,86.88113403320312,248
49611,0,0.0,0.0,81.92891693115234,88.0512466430664,248
49631,0,0.0,0.0,81.79375457763672,88.93588256835938,248
49651,0,0.0,0.0,81.89746856689453,89.54613494873047,247
49671,0,0.0,0.0,82.29505920410156,90.26679992675781,247
49691,0,0.0,0.0,82.78619384765625,91.59104919433594,247
49711,0,0.0,0.0,83.08248138427734,92.59795379638672,247
49731,0,0.0,0.0,82.66998291015625,93.1923828125,247
49751,0,0.0,0.0,82.44469451904297,93.4430160522461,247
49771,0,0.0,0.0,82.94967651367188,94.01988983154297,248
49792,0,0.0,0.0,83.42588806152344,94.63243865966797,248
49811,0,0.0,0.0,83.86555480957031,94.94508361816406,248
49831,0,0.0,0.0,84.26481628417969,94.78779602050781,247
49851,0,0.0,0.0,84.36795806884766,94.56997680664062,247
49872,0,0.0,0.0,84.98055267333984,95.16102600097656,247
49891,0,0.0,0.0,85.60433959960938,96.40557861328125,248
49911,0,0.0,0.0,85.63142395019531,97.29521179199219,248
49931,0,0.0,0.0,85.5818099975586,97.64471435546875,247
49951,0,0.0,0.0,85.51483917236328,98.10147094726562,247
49971,0,0.0,0.0,85.57257080078125,98.12792205810547,247
49991,0,0.0,0.0,85.77732849121094,98.93115234375,246
50011,0,0.0,0.0,85.99213409423828,99.90059661865234,246
50031,0,0.0,0.0,86.28022766113281,100.12353515625,246
50051,0,0.0,0.0,86.3527603149414,100.01212310791016,246
50071,0,0.0,0.0,86.72602081298828,100.26905822753906,246
50091,0,0.0,0.0,86.87027740478516,101.31655883789062,246
50111,0,0.0,0.0,86.47223663330078,101.63880920410156,244
50132,0,0.0,0.0,86.40602111816406,102.00048065185547,244
50151,0,0.0,0.0,86.1020278930664,102.70074462890625,244
50172,0,0.0,0.0,85.62293243408203,102.86627960205078,245
50191,0,0.0,0.0,85.8738021850586,103.22599792480469,245
50211,0,0.0,0.0,86.59574127197266,103.54439544677734,245
50231,0,0.0,0.0,86.5196304321289,103.66142272949219,246
50251,0,0.0,0.0,86.28728485107422,104.29380798339844,246
50271,0,0.0,0.0,86.17498016357422,105.10987854003906,246
50291,0,0.0,0.0,85.96920013427734,105.18345642089844,245
50311,0,0.0,0.0,85.99002838134766,105.6991958618164,245
50331,0,0.0,0.0,86.30316162109375,106.82315826416016,245
50351,0,0.0,0.0,86.84494018554688,107.63037872314453,245
50371,0,0.0,0.0,86.85842895507812,107.88951110839844,245
50391,0,0.0,0.0,86.8172378540039,107.96426391601562,245
50411,0,0.0,0.0,86.76390075683594,108.698486328125,245
50431,0,0.0,0.0,86.61205291748047,108.95375061035156,245
50451,0,0.0,0.0,86.77067565917969,108.68839263916016,245
50471,0,0.0,0.0,87.08329010009766,108.98229217529297,245
50491,0,0.0,0.0,87.05601501464844,109.37605285644531,245
50511,0,0.0,0.0,86.88343048095703,108.78465270996094,246
50532,0,0.0,0.0,86.66924285888672,108.1964340209961,246
50552,0,0.0,0.0,86.52806091308594,108.70179748535156,246
50571,0,0.0,0.0,86.71798706054688,109.3119888305664,245
50591,0,0.0,0.0,87.12193298339844,109.49080657958984,245
50611,0,0.0,0.0,87.40544128417969,110.21487426757812,245
50631,0,0.0,0.0,87.54979705810547,110.6737289428711,245
50651,0,0.0,0.0,87.74751281738281,110.49588012695312,245
50671,0,0.0,0.0,87.83932495117188,110.42837524414062,245
50691,0,0.0,0.0,87.8216552734375,109.94537353515625,246
50711,0,0.0,0.0,87.59640502929688,109.0805892944336,246
50731,0,0.0,0.0,87.59392547607422,109.12010192871094,245
50751,0,0.0,0.0,87.8852767944336,109.83665466308594,245
50772,0,0.0,0.0,88.08724975585938,110.3530502319336,245
50792,0,0.0,0.0,88.15138244628906,111.21405792236328,246
50812,0,0.0,0.0,88.28076171875,112.03939056396484,246
50832,0,0.0,0.0,88.35501861572266,112.68403625488281,246
50853,0,0.0,0.0,88.18089294433594,113.5093765258789,245
50873,0,0.0,0.0,88.11251068115234,113.82185363769531,245
50893,0,0.0,0.0,88.53546142578125,113.65292358398438,245
50912,0,0.0,0.0,88.94414520263672,112.50404357910156,245
50933,0,0.0,0.0,88.72674560546875,112.07245635986328,245
50953,0,0.0,0.0,88.47947692871094,112.26759338378906,245
50971,0,0.0,0.0,88.44329833984375,111.71680450439453,245
50991,0,0.0,0.0,88.0974349975586,110.9613037109375,245
51011,0,0.0,0.0,87.91791534423828,112.42320251464844,245
51031,0,0.0,0.0,88.39115142822266,113.6246566772461,245
51051,0,0.0,0.0,88.66749572753906,113.88423919677734,245
51071,0,0.0,0.0,88.80391693115234,114.1281509399414,245
51091,0,0.0,0.0,89.04095458984375,114.25616455078125,245
51111,0,0.0,0.0,89.01164245605469,113.96782684326172,245
51131,0,0.0,0.0,88.79801177978516,113.80806732177734,245
51151,0,0.0,0.0,89.0074234008789,114.23841094970703,245
51171,0,0.0,0.0,89.62728881835938,114.31007385253906,245
51191,0,0.0,0.0,89.65782928466797,114.18311309814453,245
51211,0,0.0,0.0,89.29995727539062,114.10108947753906,245
51231,0,0.0,0.0,89.42127227783203,113.84071350097656,245
51252,0,0.0,0.0,89.50719451904297,113.5277328491211,247
51273,0,0.0,0.0,89.6233901977539,113.46448516845703,247
51293,0,0.0,0.0,90.09847259521484,113.8187255859375,247
51313,0,0.0,0.0,90.7770004272461,114.75603485107422,245
51331,0,0.0,0.0,91.53861236572266,115.17120361328125,245
51351,0,0.0,0.0,91.85796356201172,115.25150299072266,245
51372,0,0.0,0.0,91.86399841308594,115.483154296875,245
51391,0,0.0,0.0,91.90737915039062,115.64057159423828,245
51411,0,0.0,0.0,91.94798278808594,115.72351837158203,245
51431,0,0.0,0.0,91.77376556396484,115.92448425292969,245
51451,0,0.0,0.0,91.75906372070312,116.07272338867188,245
51471,0,0.0,0.0,92.03211975097656,116.08111572265625,245
51491,0,0.0,0.0,91.91595458984375,115.91890716552734,245
51511,0,0.0,0.0,91.3226089477539,114.95474243164062,245
51531,0,0.0,0.0,91.0302505493164,114.17364501953125,245
51551,0,0.0,0.0,91.06722259521484,113.98587036132812,245
51571,0,0.0,0.0,90.85067749023438,113.80243682861328,245
51591,0,0.0,0.0,90.80052185058594,113.50641632080078,245
51612,0,0.0,0.0,91.18303680419922,113.53386688232422,245
51632,0,0.0,0.0,91.27424621582031,114.10478210449219,245
51651,0,0.0,0.0,91.20528411865234,114.76612854003906,244
51671,0,0.0,0.0,91.23886108398438,115.1797866821289,244
51691,0,0.0,0.0,91.13831329345703,115.30718231201172,244
51711,0,0.0,0.0,90.66252899169922,115.52549743652344,246
51731,0,0.0,0.0,90.4494400024414,115.15718841552734,246
51751,0,0.0,0.0,90.32389068603516,114.80937194824219,246
51771,0,0.0,0.0,90.50398254394531,114.91461944580078,245
51791,0,0.0,0.0,90.91557312011719,114.6163330078125,245
51811,0,0.0,0.0,91.04094696044922,114.6521224975586,245
51831,0,0.0,0.0,91.37059020996094,114.94255065917969,245
51851,0,0.0,0.0,91.48440551757812,114.90216827392578,245
51871,0,0.0,0.0,91.38734436035156,114.87517547607422,245
51891,0,0.0,0.0,91.70835876464844,115.15666961669922,245
51911,0,0.0,0.0,92.16160583496094,115.53904724121094,245
51931,0,0.0,0.0,92.28337860107422,115.93861389160156,245
51951,0,0.0,0.0,92.25159454345703,115.76374053955078,245
51971,0,0.0,0.0,91.89183807373047,115.38431549072266,245
51991,0,0.0,0.0,91.34271240234375,115.70855712890625,245
52011,0,0.0,0.0,91.1571044921875,115.77542877197266,245
52031,0,0.0,0.0,91.35057830810547,115.40594482421875,245
52051,0,0.0,0.0,91.78327941894531,115.36322021484375,245
52072,0,0.0,0.0,91.76687622070312,115.70622253417969,245
52092,0,0.0,0.0,91.67509460449219,115.66228485107422,245
52111,0,0.0,0.0,92.07076263427734,115.27648162841797,245
52131,0,0.0,0.0,92.26925659179688,115.4063720703125,245
52151,0,0.0,0.0,92.65040588378906,115.72184753417969,245
52171,0,0.0,0.0,92.91819763183594,115.99623107910156,245
52191,0,0.0,0.0,92.66445922851562,115.95455169677734,245
52211,0,0.0,0.0,92.36363983154297,115.96994018554688,245
52231,0,0.0,0.0,92.44156646728516,115.97233581542969,245
52251,0,0.0,0.0,92.7713394165039,116.41686248779297,245
52271,0,0.0,0.0,92.75743865966797,116.38953399658203,245
52291,0,0.0,0.0,92.43254089355469,115.51638793945312,245
52311,0,0.0,0.0,92.57026672363281,115.29805755615234,245
52333,0,0.0,0.0,93.02139282226562,115.57225036621094,245
52351,0,0.0,0.0,93.21038818359375,115.7399673461914,245
52371,0,0.0,0.0,93.4986801147461,115.81673431396484,245
52391,0,0.0,0.0,93.79312133789062,115.9071044921875,245
52411,0,0.0,0.0,93.97000885009766,116.09600067138672,245
52431,0,0.0,0.0,94.138671875,115.69488525390625,245
52452,0,0.0,0.0,94.1251220703125,115.11133575439453,246
52471,0,0.0,0.0,94.5396957397461,115.339111328125,246
52491,0,0.0,0.0,94.89566040039062,115.6069564819336,246
52511,0,0.0,0.0,94.94188690185547,115.602783203125,245
52531,0,0.0,0.0,95.30625915527344,115.60576629638672,245
52551,0,0.0,0.0,95.78961944580078,115.71269226074219,245
52571,0,0.0,0.0,96.22067260742188,116.00628662109375,247
52591,0,0.0,0.0,96.2062759399414,116.29755401611328,247
52611,0,0.0,0.0,95.98530578613281,116.53407287597656,246
52631,0,0.0,0.0,96.12113189697266,116.50882720947266,246
52651,0,0.0,0.0,96.61335754394531,116.22386932373047,246
52671,0,0.0,0.0,96.86031341552734,116.21560668945312,246
52691,0,0.0,0.0,97.00225067138672,116.3729019165039,246
52712,0,0.0,0.0,97.42250061035156,116.32579803466797,246
52733,0,0.0,0.0,97.82291412353516,116.3780288696289,244
52752,0,0.0,0.0,98.32850646972656,116.60700225830078,244
52771,0,0.0,0.0,98.45416259765625,116.64462280273438,244
52792,0,0.0,0.0,98.16566467285156,116.62259674072266,245
52811,0,0.0,0.0,98.4423599243164,116.73291778564453,245
52832,0,0.0,0.0,98.77043914794922,116.89386749267578,245
52852,0,0.0,0.0,98.81686401367188,116.97465515136719,245
52872,0,0.0,0.0,99.00762176513672,117.10313415527344,245
52891,0,0.0,0.0,99.4740219116211,117.10919189453125,247
52912,0,0.0,0.0,99.96000671386719,116.9128646850586,247
52931,0,0.0,0.0,100.12915802001953,116.96295928955078,247
52951,0,0.0,0.0,100.36429595947266,117.09854125976562,247
52971,0,0.0,0.0,100.663818359375,117.1200942993164,247
52991,0,0.0,0.0,100.83915710449219,117.23515319824219,247
53011,0,0.0,0.0,100.6988525390625,117.35665130615234,247
53031,0,0.0,0.0,100.48047637939453,117.53144836425781,247
53051,0,0.0,0.0,100.64257049560547,117.61140441894531,247
53071,0,0.0,0.0,100.63390350341797,117.83805847167969,245
53091,0,0.0,0.0,100.68661499023438,118.54568481445312,245
53111,0,0.0,0.0,100.82406616210938,119.20783233642578,245
53132,0,0.0,0.0,100.90470886230469,119.58710479736328,246
53152,0,0.0,0.0,101.09981536865234,119.11949157714844,246
53171,0,0.0,0.0,101.19261932373047,118.44499969482422,246
53191,0,0.0,0.0,101.25040435791016,118.01949310302734,248
53211,0,0.0,0.0,101.28466796875,117.88221740722656,248
53232,0,0.0,0.0,101.46636962890625,117.69154357910156,248
53251,0,0.0,0.0,102.05850219726562,117.56053161621094,246
53271,0,0.0,0.0,102.61651611328125,117.74050903320312,246
53292,0,0.0,0.0,102.83495330810547,117.86280822753906,247
53311,0,0.0,0.0,103.12907409667969,118.10258483886719,247
53332,0,0.0,0.0,103.37493896484375,118.59217834472656,247
53351,0,0.0,0.0,103.05438995361328,119.3456802368164,247
53371,0,0.0,0.0,102.68690490722656,119.36772918701172,247
53391,0,0.0,0.0,102.59524536132812,119.2402114868164,247
53411,0,0.0,0.0,102.47492980957031,119.15766906738281,247
53431,0,0.0,0.0,102.77603149414062,118.85881042480469,247
53451,0,0.0,0.0,103.08782958984375,118.68143463134766,247
53471,0,0.0,0.0,103.42185974121094,118.52412414550781,247
53491,0,0.0,0.0,103.7780532836914,118.27472686767578,247
53511,0,0.0,0.0,103.5538558959961,118.02153778076172,247
53531,0,0.0,0.0,103.39397430419922,117.97997283935547,245
53552,0,0.0,0.0,103.54995727539062,118.05236053466797,245
53572,0,0.0,0.0,103.44084930419922,117.98902893066406,245
53592,0,0.0,0.0,102.91471862792969,117.84871673583984,248
53612,0,0.0,0.0,102.76234436035156,117.81523132324219,248
53632,0,0.0,0.0,103.19208526611328,117.96669006347656,248
53652,0,0.0,0.0,103.48352813720703,118.2090835571289,247
53671,0,0.0,0.0,103.60615539550781,118.36837005615234,247
53692,0,0.0,0.0,103.38595581054688,118.33101654052734,247
53712,0,0.0,0.0,103.09052276611328,118.30432891845703,246
53731,0,0.0,0.0,102.97172546386719,118.34870147705078,246
53751,0,0.0,0.0,102.8578109741211,118.41243743896484,246
53771,0,0.0,0.0,102.8896484375,118.6080093383789,245
53791,0,0.0,0.0,102.97814178466797,118.76911926269531,245
53811,0,0.0,0.0,102.97309112548828,118.70978546142578,247
53831,0,0.0,0.0,102.69922637939453,118.71443939208984,247
53851,0,0.0,0.0,102.06812286376953,118.7568359375,247
53871,0,0.0,0.0,101.7616958618164,118.6710205078125,247
53891,0,0.0,0.0,101.70050811767578,118.5169677734375,247
53911,0,0.0,0.0,100.94525909423828,118.41830444335938,247
53932,0,0.0,0.0,100.50582885742188,118.39057922363281,245
53951,0,0.0,0.0,100.52466583251953,118.40467834472656,245
53971,0,0.0,0.0,100.16096496582031,118.4726333618164,245
53992,0,0.0,0.0,99.64450073242188,118.24961853027344,248
54011,0,0.0,0.0,99.20851135253906,118.02084350585938,248
54032,0,0.0,0.0,99.21768951416016,117.9180679321289,248
54052,0,0.0,0.0,99.58228302001953,117.72252655029297,246
54072,0,0.0,0.0,99.97148895263672,117.8957748413086,246
54092,0,0.0,0.0,100.1003189086914,118.27560424804688,246
54111,0,0.0,0.0,100.01947021484375,118.1569595336914,247
54131,0,0.0,0.0,100.27900695800781,117.71843719482422,247
54151,0,0.0,0.0,100.53437042236328,117.57848358154297,247
54171,0,0.0,0.0,100.75299835205078,117.4156723022461,246
54191,0,0.0,0.0,100.8660888671875,117.03955841064453,246
54211,0,0.0,0.0,100.80743408203125,117.07311248779297,246
54231,0,0.0,0.0,100.73802185058594,117.3619384765625,246
54251,0,0.0,0.0,100.65757751464844,117.6250991821289,246
54271,0,0.0,0.0,100.93389129638672,117.6939926147461,246
54291,0,0.0,0.0,101.24002838134766,117.7204818725586,246
54312,0,0.0,0.0,101.28133392333984,117.86963653564453,246
54332,0,0.0,0.0,101.3696060180664,117.95445251464844,246
54351,0,0.0,0.0,101.47040557861328,118.08966827392578,246
54372,0,0.0,0.0,101.48409271240234,118.22433471679688,246
54391,0,0.0,0.0,101.5072250366211,118.19825744628906,248
54411,0,0.0,0.0,101.49063873291016,118.0599594116211,248
54431,0,0.0,0.0,101.37965393066406,117.9990005493164,248
54452,0,0.0,0.0,101.2219009399414,118.3408203125,246
54471,0,0.0,0.0,101.08677673339844,118.89472961425781,246
54492,0,0.0,0.0,100.92443084716797,119.04706573486328,246
54512,0,0.0,0.0,100.54020690917969,118.8384017944336,247
54531,0,0.0,0.0,100.12613677978516,118.93946075439453,247
54553,0,0.0,0.0,100.20227813720703,119.03640747070312,245
54573,0,0.0,0.0,100.16858673095703,118.74211883544922,245
54592,0,0.0,0.0,100.1146469116211,118.72258758544922,245
54613,0,0.0,0.0,100.30794525146484,119.00184631347656,247
54632,0,0.0,0.0,100.11418914794922,119.11349487304688,247
54652,0,0.0,0.0,99.73825073242188,118.99964904785156,247
54672,0,0.0,0.0,99.5323715209961,119.06214904785156,246
54692,0,0.0,0.0,99.32574462890625,118.94463348388672,246
54712,0,0.0,0.0,99.18408203125,118.70428466796875,246
54731,0,0.0,0.0,99.11798095703125,118.69605255126953,246
54752,0,0.0,0.0,99.13477325439453,118.8624267578125,246
54772,0,0.0,0.0,99.54167938232422,118.90617370605469,246
54791,0,0.0,0.0,99.96098327636719,118.68573760986328,245
54812,0,0.0,0.0,100.19856262207031,118.75041198730469,245
54831,0,0.0,0.0,100.40985107421875,119.04148864746094,245
54851,0,0.0,0.0,100.63275146484375,119.13195037841797,246
54871,0,0.0,0.0,101.00558471679688,118.89611053466797,246
54891,0,0.0,0.0,100.94721984863281,118.71142578125,246
54911,0,0.0,0.0,100.42906188964844,118.70828247070312,247
54931,0,0.0,0.0,99.68992614746094,118.60688781738281,247
54951,0,0.0,0.0,99.2717514038086,118.46261596679688,246
54971,0,0.0,0.0,99.06268310546875,118.34109497070312,246
54991,0,0.0,0.0,98.91302490234375,118.22305297851562,246
55011,0,0.0,0.0,98.7344970703125,118.05081939697266,246
55031,0,0.0,0.0,98.30522155761719,117.99217224121094,246
55052,0,0.0,0.0,98.02804565429688,118.13211822509766,246
55071,0,0.0,0.0,97.50634002685547,118.06229400634766,246
55092,0,0.0,0.0,97.09170532226562,118.0467300415039,246
55112,0,0.0,0.0,97.13912200927734,118.21619415283203,246
55131,0,0.0,0.0,97.22499084472656,118.3237533569336,245
55152,0,0.0,0.0,96.91859436035156,118.43965911865234,245
55171,0,0.0,0.0,96.87639617919922,118.58470916748047,245
55191,0,0.0,0.0,97.53010559082031,118.81302642822266,245
55212,0,0.0,0.0,97.85797882080078,119.042236328125,245
55231,0,0.0,0.0,97.8114013671875,119.34784698486328,245
55251,0,0.0,0.0,97.95391082763672,119.70138549804688,246
55271,0,0.0,0.0,97.99609375,119.97511291503906,246
55291,0,0.0,0.0,98.14106750488281,120.0531997680664,245
55311,0,0.0,0.0,98.1531982421875,119.77751922607422,245
55331,0,0.0,0.0,97.97356414794922,119.76641082763672,245
55351,0,0.0,0.0,97.92310333251953,119.78966522216797,246
55371,0,0.0,0.0,98.05657958984375,119.38299560546875,246
55391,0,0.0,0.0,98.17955017089844,119.18934631347656,246
55411,0,0.0,0.0,98.1766586303711,119.19734191894531,246
55431,0,0.0,0.0,98.2569351196289,119.1209945678711,246
55452,0,0.0,0.0,98.22960662841797,119.23802185058594,246
55472,0,0.0,0.0,97.9539566040039,119.7476577758789,245
55492,0,0.0,0.0,98.14119720458984,120.30455780029297,245
55512,0,0.0,0.0,98.00764465332031,120.46344757080078,245
55533,0,0.0,0.0,97.4810562133789,120.54727935791016,245
55552,0,0.0,0.0,97.18596649169922,120.5844955444336,245
55571,0,0.0,0.0,97.06936645507812,120.1860580444336,245
55592,0,0.0,0.0,97.41869354248047,120.00052642822266,245
55611,0,0.0,0.0,97.72216033935547,120.38670349121094,245
55631,0,0.0,0.0,97.73587799072266,120.86337280273438,245
55651,0,0.0,0.0,97.93472290039062,121.18063354492188,245
55671,0,0.0,0.0,97.81300354003906,121.40202331542969,245
55692,0,0.0,0.0,97.3367919921875,121.78211975097656,246
55711,0,0.0,0.0,97.10523986816406,122.12200164794922,246
55731,0,0.0,0.0,97.05016326904297,122.12187194824219,246
55751,0,0.0,0.0,97.0477294921875,122.1672592163086,246
55771,0,0.0,0.0,97.1904067993164,121.97698211669922,246
55791,0,0.0,0.0,97.31942749023438,121.49103546142578,246
55811,0,0.0,0.0,97.44591522216797,121.475341796875,245
55832,0,0.0,0.0,97.55459594726562,121.64641571044922,245
55852,0,0.0,0.0,97.5408935546875,121.47024536132812,245
55872,0,0.0,0.0,97.5993881225586,121.52879333496094,246
55892,0,0.0,0.0,97.52639770507812,121.71711730957031,246
55911,0,0.0,0.0,97.29764556884766,121.91824340820312,246
55933,0,0.0,0.0,97.13401794433594,122.43212890625,246
55951,0,0.0,0.0,97.03730773925781,122.95442962646484,246
55971,0,0.0,0.0,96.89028930664062,123.29804992675781,246
55991,0,0.0,0.0,96.73947143554688,123.17109680175781,248
56011,0,0.0,0.0,96.84672546386719,123.18739318847656,248
56031,0,0.0,0.0,97.39395904541016,123.6097412109375,246
56051,0,0.0,0.0,97.46470642089844,123.69729614257812,246
56071,0,0.0,0.0,97.37893676757812,123.7236557006836,246
56091,0,0.0,0.0,97.70235443115234,124.02154541015625,245
56111,0,0.0,0.0,97.76313018798828,124.09429168701172,245
56131,0,0.0,0.0,97.67141723632812,124.07144165039062,245
56151,0,0.0,0.0,97.86346435546875,124.13870239257812,246
56171,0,0.0,0.0,97.89234161376953,124.02496337890625,246
56191,0,0.0,0.0,98.0815658569336,123.92611694335938,246
56212,0,0.0,0.0,98.11577606201172,123.73882293701172,246
56231,0,0.0,0.0,98.15409851074219,123.59390258789062,246
56252,0,0.0,0.0,98.11300659179688,123.60707092285156,246
56272,0,0.0,0.0,97.86261749267578,123.82062530517578,246
56292,0,0.0,0.0,97.82789611816406,123.98412322998047,246
56311,0,0.0,0.0,97.72311401367188,124.07318878173828,246
56331,0,0.0,0.0,97.65497589111328,124.08782196044922,246
56352,0,0.0,0.0,97.48225402832031,123.72177124023438,246
56371,0,0.0,0.0,97.45771789550781,123.77127075195312,246
56391,0,0.0,0.0,97.91254425048828,124.31399536132812,245
56411,0,0.0,0.0,98.42822265625,125.0721435546875,245
56431,0,0.0,0.0,98.27975463867188,125.7677001953125,247
56451,0,0.0,0.0,97.96517181396484,125.72989654541016,247
56471,0,0.0,0.0,98.46741485595703,125.48035430908203,247
56491,0,0.0,0.0,98.93920135498047,125.58353424072266,246
56511,0,0.0,0.0,98.99285888671875,126.06370544433594,246
56531,0,0.0,0.0,99.1175537109375,126.50221252441406,246
56551,0,0.0,0.0,99.2520523071289,126.27923583984375,246
56572,0,0.0,0.0,99.3000259399414,125.89478302001953,246
56592,0,0.0,0.0,99.5051040649414,126.1396255493164,246
56611,0,0.0,0.0,100.03024291992188,126.42145538330078,246
56631,0,0.0,0.0,100.65763092041016,126.67298126220703,246
56652,0,0.0,0.0,101.01834106445312,127.01998901367188,246
56671,0,0.0,0.0,100.77896881103516,126.98373413085938,246
56691,0,0.0,0.0,100.44732666015625,127.09761047363281,246
56711,0,0.0,0.0,100.3774185180664,127.38519287109375,246
56731,0,0.0,0.0,100.34615325927734,127.65501403808594,246
56751,0,0.0,0.0,100.60102081298828,127.77599334716797,246
56771,0,0.0,0.0,100.76701354980469,127.7467041015625,245
56791,0,0.0,0.0,100.441650390625,127.85218811035156,245
56811,0,0.0,0.0,100.43342590332031,127.90638732910156,245
56831,0,0.0,0.0,100.77156829833984,127.68224334716797,246
56851,0,0.0,0.0,101.0743179321289,127.54298400878906,246
56871,0,0.0,0.0,101.01095581054688,127.55545806884766,246
56891,0,0.0,0.0,101.00940704345703,127.52140808105469,246
56912,0,0.0,0.0,100.73766326904297,127.52018737792969,246
56931,0,0.0,0.0,100.14600372314453,127.37791442871094,246
56952,0,0.0,0.0,100.44982147216797,127.27364349365234,246
56972,0,0.0,0.0,100.66710662841797,127.44518280029297,246
56991,0,0.0,0.0,100.63249206542969,127.67505645751953,246
57011,0,0.0,0.0,101.20172119140625,128.0820770263672,245
57031,0,0.0,0.0,101.72721099853516,128.68470764160156,245
57051,0,0.0,0.0,102.13501739501953,129.09181213378906,245
57071,0,0.0,0.0,102.2573471069336,129.0210723876953,245
57091,0,0.0,0.0,102.10401153564453,128.645751953125,245
57111,0,0.0,0.0,101.87520599365234,128.61024475097656,245
57131,0,0.0,0.0,101.63943481445312,128.8910675048828,246
57151,0,0.0,0.0,102.04756927490234,129.10304260253906,246
57171,0,0.0,0.0,102.63327026367188,128.9356231689453,247
57191,0,0.0,0.0,102.63041687011719,128.4672393798828,247
57211,0,0.0,0.0,103.08927917480469,128.415283203125,247
57231,0,0.0,0.0,103.80982971191406,128.53416442871094,246
57251,0,0.0,0.0,103.96815490722656,128.39759826660156,246
57271,0,0.0,0.0,104.19560241699219,128.01902770996094,246
57292,0,0.0,0.0,104.55818939208984,127.8810806274414,245
57312,0,0.0,0.0,104.78009796142578,127.86029052734375,245
57333,0,0.0,0.0,104.83649444580078,127.87515258789062,245
57353,0,0.0,0.0,104.70509338378906,127.9806900024414,247
57371,0,0.0,0.0,104.48338317871094,127.94845581054688,247
57391,0,0.0,0.0,104.03850555419922,128.23397827148438,247
57411,0,0.0,0.0,103.81450653076172,128.4407501220703,245
57431,0,0.0,0.0,103.73844909667969,128.467041015625,245
57451,0,0.0,0.0,103.62967681884766,128.1486053466797,245
57471,0,0.0,0.0,103.5584945678711,127.53727722167969,246
57491,0,0.0,0.0,103.9287109375,127.38008880615234,246
57511,0,0.0,0.0,104.5040054321289,127.38130187988281,246
57531,0,0.0,0.0,104.4843521118164,127.25475311279297,247
57551,0,0.0,0.0,104.59834289550781,127.06326293945312,247
57571,0,0.0,0.0,104.68376922607422,127.22752380371094,245
57591,0,0.0,0.0,104.70286560058594,127.62246704101562,245
57611,0,0.0,0.0,104.6624755859375,127.81082916259766,245
57631,0,0.0,0.0,104.92216491699219,127.75027465820312,246
57651,0,0.0,0.0,105.48406982421875,127.47283935546875,246
57672,0,0.0,0.0,105.93228912353516,127.26024627685547,246
57691,0,0.0,0.0,105.9199447631836,127.35767364501953,246
57711,0,0.0,0.0,105.80892181396484,127.49336242675781,246
57733,0,0.0,0.0,106.15925598144531,127.65371704101562,246
57753,0,0.0,0.0,106.33069610595703,127.9030990600586,246
57773,0,0.0,0.0,106.4588394165039,128.04254150390625,246
57791,0,0.0,0.0,106.355712890625,127.86599731445312,246
57811,0,0.0,0.0,106.39530944824219,127.5327377319336,245
57831,0,0.0,0.0,106.45393371582031,127.47528076171875,245
57851,0,0.0,0.0,106.2049331665039,127.80494689941406,245
57871,0,0.0,0.0,106.38410949707031,128.16522216796875,247
57891,0,0.0,0.0,106.82186889648438,128.22496032714844,247
57911,0,0.0,0.0,106.95732116699219,128.23703002929688,247
