timeTick, stateX, stateY, stateVX, stateVY, whisker1_1, whisker1_2, whisker1_3, whisker2_1, whisker2_2, whisker2_3, prewhisker1_1, prewhisker1_2, prewhisker1_3, prewhisker2_1, prewhisker2_2, prewhisker2_3, MLPwhisker1, MLPwhisker2, yaw, laserFront, accx, accy, accz, KFwhisker1, KFwhisker2, Position X, Position Y, yaw
5586, 0.0007243514992296696, -0.000158175898832269, 0.005148077849298716, -0.0013790169032290578, 0, 0, 0, 0, 0, 0, 0, 0, 0, 0, 0, 0, 0, 0, 0, 0, 0, 0, 0, 0, 0, -1.6173791885375977, 0.18743392825126648, -0.1022124287802162
5606, 0.0008404450491070747, -0.00018482466111890972, 0.005698368418961763, -0.0013792068930342793, 0.0, 0.0, 0.0, 0.0, 0.0, 0.0, 0.0, 0.0, 0.0, 0.0, 0.0, 0.0, 0.0, 0.0, -0.010714559815824032, 303.0, 0.02994503267109394, 0.004399024415761232, 0.9996750354766846, 0.0, 0.0, -1.6173893213272095, 0.1874648630619049, -0.10230902685750802
5626, 0.0007875734008848667, -0.00016728861373849213, 0.005422407761216164, -0.0013577339705079794, 0.0, 0.0, 0.0, 0.0, 0.0, 0.0, 0.0, 0.0, 0.0, 0.0, 0.0, 0.0, 0.0, 0.0, -0.010057216510176659, 305.0, 0.03072316199541092, 0.00374995986931026, 1.000543236732483, 0.0, 0.0, -1.6174070835113525, 0.1874505877494812, -0.1023322182145487
5646, 0.0007417936576530337, 0.00011573037772905082, 0.0052396515384316444, 3.824106170213781e-05, 0.0, 0.0, 0.0, 0.0, 0.0, 0.0, 0.0, 0.0, 0.0, 0.0, 0.0, 0.0, 0.0, 0.0, -0.012291167862713337, 305.0, 0.029729852452874184, 0.004501739051192999, 0.999110996723175, 0.0, 0.0, -1.6174225807189941, 0.1874057948589325, -0.10229923879391355
5666, 0.0004908623523078859, 0.00011591942165978253, 0.004064790438860655, 0.00029113030177541077, 0.0, 0.0, 0.0, 0.0, 0.0, 0.0, 0.0, 0.0, 0.0, 0.0, 0.0, 0.0, 0.0, 0.0, -0.012625137344002724, 305.0, 0.03194417431950569, 0.004925872199237347, 0.9987565279006958, 0.0, 0.0, -1.6174767017364502, 0.18725928664207458, -0.10291134812328175
5686, 0.0004584263078868389, -0.00017020609811879694, 0.00410091457888484, -0.0010238258400931954, 0.0, 0.0, 0.0, 0.0, 0.0, 0.0, 0.0, 0.0, 0.0, 0.0, 0.0, 0.0, 0.0, 0.0, -0.01429684553295374, 297.0, 0.03140735626220703, 0.005903627257794142, 1.0007551908493042, 0.0, 0.0, -1.6175057888031006, 0.18726091086864471, -0.10311332257832824
5706, 0.0007698757108300924, 0.0001093772953026928, 0.00589703768491745, 0.000618601799942553, 0.0, 0.0, 0.0, 0.0, 0.0, 0.0, 0.0, 0.0, 0.0, 0.0, 0.0, 0.0, 0.0, 0.0, -0.014319674111902714, 297.0, 0.031882960349321365, 0.0035242706071585417, 0.9989551305770874, 0.0, 0.0, -1.6175278425216675, 0.18716837465763092, -0.10097101353472984
5726, 0.0005092645878903568, -0.00017079882672987878, 0.004490084946155548, -0.0006499285227619112, 0.0, 0.0, 0.0, 0.0, 0.0, 0.0, 0.0, 0.0, 0.0, 0.0, 0.0, 0.0, 0.0, 0.0, -0.011627350002527237, 297.0, 0.029494093731045723, 0.0023293180856853724, 0.9976029396057129, 0.0, 0.0, -1.6175389289855957, 0.18722102046012878, -0.10217494794027777
5746, 0.0008455133065581322, -0.00018692578305490315, 0.005898357834666967, -0.0008839444490149617, 0.0, 0.0, 0.0, 0.0, 0.0, 0.0, 0.0, 0.0, 0.0, 0.0, 0.0, 0.0, 0.0, 0.0, -0.013526039198040962, 305.0, 0.030088530853390694, 0.0026142881251871586, 0.997406005859375, 0.0, 0.0, -1.617470383644104, 0.18716923892498016, -0.10185038801310235
5766, 0.0005208503571338952, 0.0003828267799690366, 0.004053656943142414, 0.0021349163725972176, 0.0, 0.0, 0.0, 0.0, 0.0, 0.0, 0.0, 0.0, 0.0, 0.0, 0.0, 0.0, 0.0, 0.0, -0.011713086627423763, 305.0, 0.028534354642033577, 0.006367953959852457, 1.0006062984466553, 0.0, 0.0, -1.6176085472106934, 0.18727454543113708, -0.10240264892641919
5786, 0.000592206371948123, 0.00042750610737130046, 0.004504240117967129, 0.0025490380357950926, 0.0, 0.0, 0.0, 0.0, 0.0, 0.0, 0.0, 0.0, 0.0, 0.0, 0.0, 0.0, 0.0, 0.0, -0.009207173250615597, 305.0, 0.031222326681017876, 0.005913560278713703, 0.9992050528526306, 0.0, 0.0, -1.6174836158752441, 0.18719756603240967, -0.10155335167291409
5806, 0.0006905889022164047, 0.0004852615238633007, 0.004932479001581669, 0.0029315657448023558, 0.0, 0.0, 0.0, 0.0, 0.0, 0.0, 0.0, 0.0, 0.0, 0.0, 0.0, 0.0, 0.0, 0.0, -0.014392104931175709, 300.0, 0.030276387929916382, 0.005778319202363491, 1.0010844469070435, 0.0, 0.0, -1.6175192594528198, 0.1872614175081253, -0.1028505385439815
5826, 0.0010711824288591743, 0.00013659415708389133, 0.00666835717856884, 0.0013673851499333978, 0.0, 0.0, 0.0, 0.0, 0.0, 0.0, 0.0, 0.0, 0.0, 0.0, 0.0, 0.0, 0.0, 0.0, -0.017718661576509476, 300.0, 0.03198695182800293, 0.010110669769346714, 0.9974744319915771, 0.0, 0.0, -1.6174405813217163, 0.18729646503925323, -0.10404616291353237
5846, 0.0007211262709461153, 0.0004911751020699739, 0.0053679137490689754, 0.0031856854911893606, 0.0, 0.0, 0.0, 0.0, 0.0, 0.0, 0.0, 0.0, 0.0, 0.0, 0.0, 0.0, 0.0, 0.0, -0.017204953357577324, 304.0, 0.032618314027786255, 0.006106789689511061, 0.9987096786499023, 0.0, 0.0, -1.6174238920211792, 0.18741674721240997, -0.1037806523341465
5866, 0.0006261873641051352, 0.0004758529830724001, 0.005002576857805252, 0.0031568470876663923, 0.0, 0.0, 0.0, 0.0, 0.0, 0.0, 0.0, 0.0, 0.0, 0.0, 0.0, 0.0, 0.0, 0.0, -0.016114261001348495, 304.0, 0.029529888182878494, 0.009057986550033092, 1.0027222633361816, 0.0, 0.0, -1.617455005645752, 0.1873975247144699, -0.10334630970216575
5886, 0.000625587475951761, 0.00015267865092027932, 0.0048079597763717175, 0.0016129584982991219, 0.0, 0.0, 0.0, 0.0, 0.0, 0.0, 0.0, 0.0, 0.0, 0.0, 0.0, 0.0, 0.0, 0.0, -0.016030430793762207, 304.0, 0.028691623359918594, 0.005358279217034578, 0.9983431100845337, 0.0, 0.0, -1.6175448894500732, 0.18715661764144897, -0.10116637271117987
5906, 0.0009971398394554853, 0.00015316609642468393, 0.006541081704199314, 0.0017145848833024502, 0.0, 0.0, 0.0, 0.0, 0.0, 0.0, 0.0, 0.0, 0.0, 0.0, 0.0, 0.0, 0.0, 0.0, -0.015403936617076397, 306.0, 0.02938956953585148, 0.006602395325899124, 1.000339150428772, 0.0, 0.0, -1.6174957752227783, 0.18725153803825378, -0.10315792126114376
5926, 0.00090690579963848, 0.00012511065870057791, 0.006135346833616495, 0.0018593738786876202, 0.0, 0.0, 0.0, 0.0, 0.0, 0.0, 0.0, 0.0, 0.0, 0.0, 0.0, 0.0, 0.0, 0.0, -0.016297893598675728, 306.0, 0.03161961957812309, 0.009418931789696217, 1.0003864765167236, 0.0, 0.0, -1.617456078529358, 0.18721210956573486, -0.10495472411993961
5946, 0.0005829724250361323, 0.0001343356998404488, 0.004493208602070808, 0.0024044569581747055, 0.0, 0.0, 0.0, 0.0, 0.0, 0.0, 0.0, 0.0, 0.0, 0.0, 0.0, 0.0, 0.0, 0.0, -0.015680363401770592, 306.0, 0.029985422268509865, 0.003690640442073345, 0.995478630065918, 0.0, 0.0, -1.6174964904785156, 0.1873975396156311, -0.10229230213635991
5966, 0.0011587144108489156, -0.000215827050851658, 0.006956622004508972, 0.0009263274259865284, 0.0, 0.0, 0.0, 0.0, 0.0, 0.0, 0.0, 0.0, 0.0, 0.0, 0.0, 0.0, 0.0, 0.0, -0.013573690317571163, 306.0, 0.031804390251636505, 0.005672668572515249, 1.001599907875061, 0.0, 0.0, -1.6174300909042358, 0.1873050332069397, -0.10463307318784552
5986, 0.00047816100413911045, 7.545516564277932e-05, 0.003957253415137529, 0.002770376857370138, 0.0, 0.0, 0.0, 0.0, 0.0, 0.0, 0.0, 0.0, 0.0, 0.0, 0.0, 0.0, 0.0, 0.0, -0.012259963899850845, 306.0, 0.027821898460388184, 0.0025828040670603514, 0.9985308051109314, 0.0, 0.0, -1.617510437965393, 0.18734557926654816, -0.10290376907851767
6006, 0.000831352430395782, 8.044892456382513e-05, 0.005422213580459356, 0.0028599780052900314, 0.0, 0.0, 0.0, 0.0, 0.0, 0.0, 0.0, 0.0, 0.0, 0.0, 0.0, 0.0, 0.0, 0.0, -0.014942992478609085, 306.0, 0.0306705255061388, 0.005132791120558977, 1.0035903453826904, 0.0, 0.0, -1.617401123046875, 0.18721304833889008, -0.1045947841155502
6026, 0.0002211408718721941, 9.571945702191442e-05, 0.0027265972457826138, 0.0033605440985411406, 0.0, 0.0, 0.0, 0.0, 0.0, 0.0, 0.0, 0.0, 0.0, 0.0, 0.0, 0.0, 0.0, 0.0, -0.01796683855354786, 312.0, 0.031012551859021187, 0.005069701001048088, 0.9991984367370605, 0.0, 0.0, -1.617363691329956, 0.18737059831619263, -0.10478850406452106
6046, 0.0008605474140495062, 9.777051309356466e-05, 0.005711354780942202, 0.003276319010183215, 0.0, 0.0, 0.0, 0.0, 0.0, 0.0, 0.0, 0.0, 0.0, 0.0, 0.0, 0.0, 0.0, 0.0, -0.015058361925184727, 312.0, 0.031225120648741722, 0.006847975309938192, 1.001434326171875, 0.0, 0.0, -1.6174371242523193, 0.18721066415309906, -0.10450251978403718
6066, 0.0005581243894994259, 0.00010467270476510748, 0.004167444538325071, 0.0036336651537567377, 0.0, 0.0, 0.0, 0.0, 0.0, 0.0, 0.0, 0.0, 0.0, 0.0, 0.0, 0.0, 0.0, 0.0, -0.016110511496663094, 312.0, 0.029878051951527596, 0.006992500275373459, 0.9979153275489807, 0.0, 0.0, -1.6173419952392578, 0.187419593334198, -0.1027840964136174
6086, 0.0008148154593072832, 8.61123189679347e-05, 0.005405943840742111, 0.002915517659857869, 0.0, 0.0, 0.0, 0.0, 0.0, 0.0, 0.0, 0.0, 0.0, 0.0, 0.0, 0.0, 0.0, 0.0, -0.017174601554870605, 310.0, 0.03006167709827423, 0.005146022420376539, 1.0021222829818726, 0.0, 0.0, -1.6174514293670654, 0.18733030557632446, -0.10518401926367661
6106, 0.0009305484127253294, 0.0001475035387557, 0.00612647645175457, 0.003307388396933675, 0.0, 0.0, 0.0, 0.0, 0.0, 0.0, 0.0, 0.0, 0.0, 0.0, 0.0, 0.0, 0.0, 0.0, -0.014578217640519142, 310.0, 0.02816225402057171, 0.0082603944465518, 0.9963802695274353, 0.0, 0.0, -1.6173722743988037, 0.1874583512544632, -0.10307897809692416
6126, 0.0006005163886584342, 0.00016192143084481359, 0.004628852009773254, 0.0029100305400788784, 0.0, 0.0, 0.0, 0.0, 0.0, 0.0, 0.0, 0.0, 0.0, 0.0, 0.0, 0.0, 0.0, 0.0, -0.015981655567884445, 310.0, 0.02932015061378479, 0.003681459929794073, 0.9971440434455872, 0.0, 0.0, -1.6175662279129028, 0.1874433308839798, -0.10211477463756016
6146, 0.0005261757760308683, 0.0001291224907618016, 0.004974660463631153, 0.0027940848376601934, 0.0, 0.0, 0.0, 0.0, 0.0, 0.0, 0.0, 0.0, 0.0, 0.0, 0.0, 0.0, 0.0, 0.0, -0.013885502703487873, 318.0, 0.029830100014805794, 0.00821895431727171, 0.9972689151763916, 0.0, 0.0, -1.617241382598877, 0.18724629282951355, -0.10295193851432538
6166, 0.0004871534474659711, 7.206277950899675e-05, 0.004572700243443251, 0.002459315350279212, 0.0, 0.0, 0.0, 0.0, 0.0, 0.0, 0.0, 0.0, 0.0, 0.0, 0.0, 0.0, 0.0, 0.0, -0.016158277168869972, 318.0, 0.026910552754998207, 0.004136800765991211, 1.0003869533538818, 0.0, 0.0, -1.6175718307495117, 0.1873207986354828, -0.1008954103114088
6186, 0.0004465484234970063, 4.961726881447248e-05, 0.0041974252089858055, 0.0029389418195933104, 0.0, 0.0, 0.0, 0.0, 0.0, 0.0, 0.0, 0.0, 0.0, 0.0, 0.0, 0.0, 0.0, 0.0, -0.01654232293367386, 314.0, 0.02892414666712284, 0.0063150967471301556, 0.997226357460022, 0.0, 0.0, -1.6174018383026123, 0.18737347424030304, -0.10183674651215546
6206, 0.0005403688410297036, 0.0001135841739596799, 0.004760934971272945, 0.002992701018229127, 0.0, 0.0, 0.0, 0.0, 0.0, 0.0, 0.0, 0.0, 0.0, 0.0, 0.0, 0.0, 0.0, 0.0, -0.016892939805984497, 314.0, 0.030559014528989792, 0.004540804773569107, 1.0031594038009644, 0.0, 0.0, -1.6174595355987549, 0.1873805969953537, -0.10276841427769959
6226, 0.0005218793521635234, 8.292889833683148e-05, 0.004742417484521866, 0.00308978371322155, 0.0, 0.0, 0.0, 0.0, 0.0, 0.0, 0.0, 0.0, 0.0, 0.0, 0.0, 0.0, 0.0, 0.0, -0.018988434225320816, 314.0, 0.029774846509099007, 0.0013250791234895587, 1.0031754970550537, 0.0, 0.0, -1.6173659563064575, 0.18734589219093323, -0.1046676347026385
6246, 0.0006206914549693465, 0.00014362181536853313, 0.005084627773612738, 0.003134036436676979, 0.0, 0.0, 0.0, 0.0, 0.0, 0.0, 0.0, 0.0, 0.0, 0.0, 0.0, 0.0, 0.0, 0.0, -0.017388753592967987, 317.0, 0.029210524633526802, 0.006666840054094791, 1.002243995666504, 0.0, 0.0, -1.6175493001937866, 0.18730473518371582, -0.10108612060409579
6266, 0.0009961298201233149, 0.0001334466360276565, 0.006378668826073408, 0.003043082309886813, 0.0, 0.0, 0.0, 0.0, 0.0, 0.0, 0.0, 0.0, 0.0, 0.0, 0.0, 0.0, 0.0, 0.0, -0.018490692600607872, 317.0, 0.028097860515117645, 0.004230260383337736, 0.999186098575592, 0.0, 0.0, -1.6174246072769165, 0.18729978799819946, -0.10405875584204555
6286, 0.0010114703327417374, 0.00048041820991784334, 0.0061198207549750805, 0.004987378604710102, 0.0, 0.0, 0.0, 0.0, 0.0, 0.0, 0.0, 0.0, 0.0, 0.0, 0.0, 0.0, 0.0, 0.0, -0.018222177401185036, 317.0, 0.030868278816342354, 0.010042368434369564, 0.9988426566123962, 0.0, 0.0, -1.617470622062683, 0.1873658299446106, -0.10302011325043374
6306, 0.0009325299179181457, 0.0004342427127994597, 0.005949235521256924, 0.004444255027920008, 0.0, 0.0, 0.0, 0.0, 0.0, 0.0, 0.0, 0.0, 0.0, 0.0, 0.0, 0.0, 0.0, 0.0, -0.021060630679130554, 315.0, 0.03184814751148224, 0.007180643733590841, 1.0009169578552246, 0.0, 0.0, -1.6174288988113403, 0.18730629980564117, -0.10395982335966812
6326, 0.000561211199965328, 8.899754902813584e-05, 0.004279427696019411, 0.002317664446309209, 0.0, 0.0, 0.0, 0.0, 0.0, 0.0, 0.0, 0.0, 0.0, 0.0, 0.0, 0.0, 0.0, 0.0, -0.01938258856534958, 315.0, 0.028215959668159485, 0.004398527089506388, 0.9963988661766052, 0.0, 0.0, -1.617279291152954, 0.18728774785995483, -0.10392896715407876
6346, 0.0005079086404293776, 7.176869985414669e-05, 0.004189129453152418, 0.0018892434891313314, 0.0, 0.0, 0.0, 0.0, 0.0, 0.0, 0.0, 0.0, 0.0, 0.0, 0.0, 0.0, 0.0, 0.0, -0.02013452909886837, 315.0, 0.0320809930562973, 0.007530886214226484, 0.9976006150245667, 0.0, 0.0, -1.6174359321594238, 0.18735650181770325, -0.10423434659793322
6366, 0.0004950199509039521, 5.6693046644795686e-05, 0.00436777388677001, 0.0015917284181341529, 0.0, 0.0, 0.0, 0.0, 0.0, 0.0, 0.0, 0.0, 0.0, 0.0, 0.0, 0.0, 0.0, 0.0, -0.018859153613448143, 317.0, 0.02961149998009205, 0.007698570843786001, 1.000052571296692, 0.0, 0.0, -1.617368459701538, 0.1874437779188156, -0.10454019510799882
6386, 0.0005875495262444019, 9.209479321725667e-05, 0.004859385546296835, 0.001821674406528473, 0.0, 0.0, 0.0, 0.0, 0.0, 0.0, 0.0, 0.0, 0.0, 0.0, 0.0, 0.0, 0.0, 0.0, -0.01731237582862377, 317.0, 0.031014157459139824, 0.0064774323254823685, 0.9996576309204102, 0.0, 0.0, -1.6174800395965576, 0.1872895210981369, -0.10279024316603327
6406, 0.0009269126458093524, 9.498975123278797e-05, 0.006605018861591816, 0.0018315194174647331, 0.0, 0.0, 0.0, 0.0, 0.0, 0.0, 0.0, 0.0, 0.0, 0.0, 0.0, 0.0, 0.0, 0.0, -0.015236914157867432, 317.0, 0.03208998590707779, 0.0053817699663341045, 0.9994577765464783, 0.0, 0.0, -1.6173039674758911, 0.18723773956298828, -0.10245909553850592
6426, 0.0008592066587880254, 8.202130993595347e-05, 0.006135188043117523, 0.001705750124529004, 0.0, 0.0, 0.0, 0.0, 0.0, 0.0, 0.0, 0.0, 0.0, 0.0, 0.0, 0.0, 0.0, 0.0, -0.017728537321090698, 316.0, 0.02950650453567505, 0.002161502605304122, 1.0036786794662476, 0.0, 0.0, -1.6173853874206543, 0.1873861849308014, -0.10317404120651302
6446, 0.0007920364732854068, 7.024809019640088e-05, 0.005976424086838961, 0.0014019227819517255, 0.0, 0.0, 0.0, 0.0, 0.0, 0.0, 0.0, 0.0, 0.0, 0.0, 0.0, 0.0, 0.0, 0.0, -0.018766969442367554, 316.0, 0.03270681947469711, 0.005466754082590342, 0.9979556202888489, 0.0, 0.0, -1.6175202131271362, 0.18728548288345337, -0.10222188190519778
6466, 0.0009191457065753639, 0.00010258988186251372, 0.0066556124947965145, 0.0017066015861928463, 0.0, 0.0, 0.0, 0.0, 0.0, 0.0, 0.0, 0.0, 0.0, 0.0, 0.0, 0.0, 0.0, 0.0, -0.01936912350356579, 316.0, 0.031753797084093094, 0.005970228463411331, 1.0006052255630493, 0.0, 0.0, -1.6174181699752808, 0.18733786046504974, -0.1040818700434466
6486, 0.0009481835295446217, 0.00040641651139594615, 0.0067559280432760715, 0.0035205958411097527, 0.0, 0.0, 0.0, 0.0, 0.0, 0.0, 0.0, 0.0, 0.0, 0.0, 0.0, 0.0, 0.0, 0.0, -0.019695397466421127, 323.0, 0.032931141555309296, 0.0046114264987409115, 0.9978432059288025, 0.0, 0.0, -1.6174919605255127, 0.18720057606697083, -0.10173805434657208
6506, 0.0008566605974920094, -0.0002509983314666897, 0.0064184763468801975, 0.0002484825672581792, 0.0, 0.0, 0.0, 0.0, 0.0, 0.0, 0.0, 0.0, 0.0, 0.0, 0.0, 0.0, 0.0, 0.0, -0.02118167094886303, 323.0, 0.034434184432029724, 0.0062680370174348354, 1.0012027025222778, 0.0, 0.0, -1.6174914836883545, 0.18722815811634064, -0.10268383763907572
6526, 0.000588143477216363, 6.913712422829121e-05, 0.005117513705044985, 0.0015102948527783155, 0.0, 0.0, 0.0, 0.0, 0.0, 0.0, 0.0, 0.0, 0.0, 0.0, 0.0, 0.0, 0.0, 0.0, -0.02154584974050522, 323.0, 0.03227760270237923, 0.0022680198308080435, 1.0032788515090942, 0.0, 0.0, -1.617559790611267, 0.1871950626373291, -0.09971854826628591
6546, 0.0005285026272758842, 0.00033490968053229153, 0.004991654772311449, 0.0028556312900036573, 0.0, 0.0, 0.0, 0.0, 0.0, 0.0, 0.0, 0.0, 0.0, 0.0, 0.0, 0.0, 0.0, 0.0, -0.020574791356921196, 317.0, 0.031573809683322906, 0.008050794713199139, 0.9970424175262451, 0.0, 0.0, -1.6173337697982788, 0.18737128376960754, -0.10501278056086831
6566, 0.0007741559529677033, 2.673667586350348e-05, 0.005999673157930374, 0.001555713126435876, 0.0, 0.0, 0.0, 0.0, 0.0, 0.0, 0.0, 0.0, 0.0, 0.0, 0.0, 0.0, 0.0, 0.0, -0.022045094519853592, 317.0, 0.0291044432669878, 0.009107387624680996, 1.0001187324523926, 0.0, 0.0, -1.6174511909484863, 0.18739476799964905, -0.1022664712686354
6586, 0.0005223446059972048, -0.0002480196417309344, 0.004675713367760181, 0.00024398558889515698, 0.0, 0.0, 0.0, 0.0, 0.0, 0.0, 0.0, 0.0, 0.0, 0.0, 0.0, 0.0, 0.0, 0.0, -0.02235722541809082, 317.0, 0.02990887127816677, 0.007004990242421627, 1.0032620429992676, 0.0, 0.0, -1.6173930168151855, 0.18736466765403748, -0.10443404771197846
6606, 0.0005718650645576417, 0.0003381952119525522, 0.005122312810271978, 0.003354694927111268, 0.0, 0.0, 0.0, 0.0, 0.0, 0.0, 0.0, 0.0, 0.0, 0.0, 0.0, 0.0, 0.0, 0.0, -0.024956054985523224, 321.0, 0.027960406616330147, 0.003780938917770982, 0.9958271384239197, 0.0, 0.0, -1.6173114776611328, 0.18725167214870453, -0.10228626484008492
6626, 0.0006729807355441153, 0.0004050903953611851, 0.005406742449849844, 0.0031796309631317854, 0.0, 0.0, 0.0, 0.0, 0.0, 0.0, 0.0, 0.0, 0.0, 0.0, 0.0, 0.0, 0.0, 0.0, -0.024552570655941963, 321.0, 0.03342486172914505, 0.0013675488298758864, 0.9991611838340759, 0.0, 0.0, -1.6173787117004395, 0.18729795515537262, -0.10460031931822786
6646, 0.0006138269091024995, 0.0003732741461135447, 0.004884888883680105, 0.002848197938874364, 0.0, 0.0, 0.0, 0.0, 0.0, 0.0, 0.0, 0.0, 0.0, 0.0, 0.0, 0.0, 0.0, 0.0, -0.02504250779747963, 320.0, 0.030014164745807648, 0.0031776863615959883, 0.9973995089530945, 0.0, 0.0, -1.6174542903900146, 0.18731576204299927, -0.10228252333707082
6666, 0.0007166637806221843, 0.0004316086124163121, 0.005649731494486332, 0.0029660402797162533, 0.0, 0.0, 0.0, 0.0, 0.0, 0.0, 0.0, 0.0, 0.0, 0.0, 0.0, 0.0, 0.0, 0.0, -0.028731869533658028, 320.0, 0.030716964974999428, 0.004756958689540625, 0.9978431463241577, 0.0, 0.0, -1.6172537803649902, 0.1871918886899948, -0.10292465039437877
6686, 0.0006387390894815326, 8.56698170537129e-05, 0.005084595177322626, 0.0010906782699748874, 0.0, 0.0, 0.0, 0.0, 0.0, 0.0, 0.0, 0.0, 0.0, 0.0, 0.0, 0.0, 0.0, 0.0, -0.029401374980807304, 320.0, 0.03311707824468613, 0.0034578947816044092, 0.9974861145019531, 0.0, 0.0, -1.6174418926239014, 0.1873234063386917, -0.10364999858214882
6706, 0.000987654086202383, 0.0004253993392921984, 0.006851037032902241, 0.002076367847621441, 0.0, 0.0, 0.0, 0.0, 0.0, 0.0, 0.0, 0.0, 0.0, 0.0, 0.0, 0.0, 0.0, 0.0, -0.03042805753648281, 324.0, 0.03273113816976547, 0.0009374005603604019, 1.0034197568893433, 0.0, 0.0, -1.6174720525741577, 0.18722444772720337, -0.1026477554156509
6726, 0.0006222308147698641, 8.255768625531346e-05, 0.005120765417814255, 0.0006314482307061553, 0.0, 0.0, 0.0, 0.0, 0.0, 0.0, 0.0, 0.0, 0.0, 0.0, 0.0, 0.0, 0.0, 0.0, -0.03210340812802315, 324.0, 0.03535165265202522, 0.0029067303985357285, 1.0011571645736694, 0.0, 0.0, -1.6173278093338013, 0.18742787837982178, -0.10315200892482677
6746, 0.0007461234927177429, 0.00010095223115058616, 0.00572618655860424, 0.0008133584633469582, 0.0, 0.0, 0.0, 0.0, 0.0, 0.0, 0.0, 0.0, 0.0, 0.0, 0.0, 0.0, 0.0, 0.0, -0.03277234733104706, 324.0, 0.031588610261678696, 0.0014082093257457018, 1.0019290447235107, 0.0, 0.0, -1.6173226833343506, 0.1872662752866745, -0.10210676785193817
6766, 0.0007686835015192628, 0.0004214289365336299, 0.0058694216422736645, 0.0023008170537650585, 0.0, 0.0, 0.0, 0.0, 0.0, 0.0, 0.0, 0.0, 0.0, 0.0, 0.0, 0.0, 0.0, 0.0, -0.03436516597867012, 317.0, 0.0328989215195179, 0.001809451263397932, 1.0029897689819336, 0.0, 0.0, -1.6173996925354004, 0.18731558322906494, -0.10065951649995575
6786, 0.0007753695244900882, 0.00010148583533009514, 0.0052886237390339375, 0.0005971429636701941, 0.0, 0.0, 0.0, 0.0, 0.0, 0.0, 0.0, 0.0, 0.0, 0.0, 0.0, 0.0, 0.0, 0.0, -0.0348224900662899, 317.0, 0.02675086073577404, 0.003333497093990445, 1.0046591758728027, 0.0, 0.0, -1.6172025203704834, 0.18728302419185638, -0.1044310374210159
6806, 0.001138458726927638, 0.0004796879075001925, 0.006697839125990868, 0.0024261311627924442, 0.0, 0.0, 0.0, 0.0, 0.0, 0.0, 0.0, 0.0, 0.0, 0.0, 0.0, 0.0, 0.0, 0.0, -0.0335749052464962, 317.0, 0.028508959338068962, 0.005899378564208746, 1.0026775598526, 0.0, 0.0, -1.6174089908599854, 0.18731026351451874, -0.10347815659474414
6826, 0.001270359382033348, 0.0005316495080478489, 0.007115993648767471, 0.00318160536698997, 0.0, 0.0, 0.0, 0.0, 0.0, 0.0, 0.0, 0.0, 0.0, 0.0, 0.0, 0.0, 0.0, 0.0, -0.03404272347688675, 320.0, 0.026108769699931145, 0.009380487725138664, 0.9991722106933594, 0.0, 0.0, -1.617491602897644, 0.18746823072433472, -0.1023729210103316
6846, 0.0009038139833137393, 0.0005124633898958564, 0.005605862941592932, 0.002518461085855961, 0.0, 0.0, 0.0, 0.0, 0.0, 0.0, 0.0, 0.0, 0.0, 0.0, 0.0, 0.0, 0.0, 0.0, -0.034159280359745026, 320.0, 0.02668566070497036, 0.006120357662439346, 0.9974696040153503, 0.0, 0.0, -1.6175264120101929, 0.18731994926929474, -0.10307107740260718
6866, 0.0007833576528355479, 0.0004483379889279604, 0.005013854242861271, 0.0019301020074635744, 0.0, 0.0, 0.0, 0.0, 0.0, 0.0, 0.0, 0.0, 0.0, 0.0, 0.0, 0.0, 0.0, 0.0, -0.034053023904561996, 320.0, 0.025410758331418037, 0.009385239332914352, 0.9961341023445129, 0.0, 0.0, -1.6174983978271484, 0.187408447265625, -0.10183989382435367
6886, 0.0010619503445923328, 7.556483615189791e-05, 0.00662778178229928, -1.4266756807046477e-05, 0.0, 0.0, 0.0, 0.0, 0.0, 0.0, 0.0, 0.0, 0.0, 0.0, 0.0, 0.0, 0.0, 0.0, -0.03521055355668068, 322.0, 0.027883175760507584, 0.00758474413305521, 0.9952645897865295, 0.0, 0.0, -1.6173837184906006, 0.18741296231746674, -0.10367282058197824
6906, 0.0007261078571900725, 9.258861973648891e-05, 0.005179882049560547, -0.0001468909758841619, 0.0, 0.0, 0.0, 0.0, 0.0, 0.0, 0.0, 0.0, 0.0, 0.0, 0.0, 0.0, 0.0, 0.0, -0.03574206307530403, 322.0, 0.0286862775683403, 0.009551487863063812, 0.9957006573677063, 0.0, 0.0, -1.6173666715621948, 0.18728576600551605, -0.10079586248126922
6926, 0.0007035182788968086, 9.60593024501577e-05, 0.005182510707527399, -0.0003156546736136079, 0.0, 0.0, 0.0, 0.0, 0.0, 0.0, 0.0, 0.0, 0.0, 0.0, 0.0, 0.0, 0.0, 0.0, -0.03507184982299805, 322.0, 0.03071405179798603, 0.008840057998895645, 0.9961344599723816, 0.0, 0.0, -1.6174895763397217, 0.18727147579193115, -0.10232330167804858
6946, 0.0006374868680723011, 9.40454556257464e-05, 0.004936038050800562, -0.00019499496556818485, 0.0, 0.0, 0.0, 0.0, 0.0, 0.0, 0.0, 0.0, 0.0, 0.0, 0.0, 0.0, 0.0, 0.0, -0.03605576232075691, 322.0, 0.030991731211543083, 0.0063081462867558, 1.0010263919830322, 0.0, 0.0, -1.6175849437713623, 0.18733681738376617, -0.10044543981342925
6966, 0.0008818683563731611, 8.46966213430278e-05, 0.006080179940909147, -0.0002545850584283471, 0.0, 0.0, 0.0, 0.0, 0.0, 0.0, 0.0, 0.0, 0.0, 0.0, 0.0, 0.0, 0.0, 0.0, -0.0359935499727726, 322.0, 0.031186627224087715, 0.0023733736015856266, 0.9974093437194824, 0.0, 0.0, -1.617445945739746, 0.18732550740242004, -0.10315710211787751
6986, 0.0006194583838805556, 0.0004056402831338346, 0.004711780697107315, 0.0015741634415462613, 0.0, 0.0, 0.0, 0.0, 0.0, 0.0, 0.0, 0.0, 0.0, 0.0, 0.0, 0.0, 0.0, 0.0, -0.036480747163295746, 322.0, 0.03198181092739105, 0.005559754557907581, 1.0029631853103638, 0.0, 0.0, -1.61737060546875, 0.18722137808799744, -0.09950600899686987
7006, 0.0009750617318786681, 0.0003803864528890699, 0.006098186131566763, 0.0017428819555789232, 0.0, 0.0, 0.0, 0.0, 0.0, 0.0, 0.0, 0.0, 0.0, 0.0, 0.0, 0.0, 0.0, 0.0, -0.03509870544075966, 323.0, 0.031645357608795166, 0.0003559589385986328, 1.005676031112671, 0.0, 0.0, -1.6174925565719604, 0.187201127409935, -0.10073781114175498
7026, 0.0007035403396002948, 0.00035415211459621787, 0.004669393878430128, 0.0016750770155340433, 0.0, 0.0, 0.0, 0.0, 0.0, 0.0, 0.0, 0.0, 0.0, 0.0, 0.0, 0.0, 0.0, 0.0, -0.0340295284986496, 323.0, 0.03514784574508667, -0.0007940746145322919, 1.0029293298721313, 0.0, 0.0, -1.6175163984298706, 0.18730956315994263, -0.10206830405598316
7046, 0.0010388395749032497, 6.670832954114303e-05, 0.006275284104049206, 0.0002626208297442645, 0.0, 0.0, 0.0, 0.0, 0.0, 0.0, 0.0, 0.0, 0.0, 0.0, 0.0, 0.0, 0.0, 0.0, -0.031096534803509712, 323.0, 0.031820278614759445, 0.0004036577302031219, 1.0016825199127197, 0.0, 0.0, -1.6174399852752686, 0.1873260736465454, -0.10354250758876071
7066, 0.001058636698871851, -0.0002627692883834243, 0.006628615781664848, -0.0009131203405559063, 0.0, 0.0, 0.0, 0.0, 0.0, 0.0, 0.0, 0.0, 0.0, 0.0, 0.0, 0.0, 0.0, 0.0, -0.031428996473550797, 329.0, 0.03387388586997986, 0.006244543939828873, 1.000855803489685, 0.0, 0.0, -1.6174278259277344, 0.1873396635055542, -0.1034005204443044
7086, 0.0010876046726480126, 0.00040552631253376603, 0.007080103736370802, 0.0022313096560537815, 0.0, 0.0, 0.0, 0.0, 0.0, 0.0, 0.0, 0.0, 0.0, 0.0, 0.0, 0.0, 0.0, 0.0, -0.03103068470954895, 329.0, 0.03174639120697975, 0.008907784707844257, 0.9964504241943359, 0.0, 0.0, -1.6174746751785278, 0.18731224536895752, -0.10253253701453591
7106, 0.001247346168383956, 0.00045117863919585943, 0.0077969906851649284, 0.002452754182741046, 0.0, 0.0, 0.0, 0.0, 0.0, 0.0, 0.0, 0.0, 0.0, 0.0, 0.0, 0.0, 0.0, 0.0, -0.029292302206158638, 319.0, 0.03015308268368244, 0.011399459093809128, 1.001265287399292, 0.0, 0.0, -1.6174050569534302, 0.18731406331062317, -0.10357874422910279
7126, 0.0008855946944095194, 0.00011950733460253105, 0.005878670606762171, 0.0006296307547017932, 0.0, 0.0, 0.0, 0.0, 0.0, 0.0, 0.0, 0.0, 0.0, 0.0, 0.0, 0.0, 0.0, 0.0, -0.02757071889936924, 319.0, 0.02917260117828846, 0.011282799765467644, 0.9977959394454956, 0.0, 0.0, -1.6174222230911255, 0.18732689321041107, -0.10357533292575624
7146, 0.0013146959245204926, 8.239469752879813e-05, 0.007411074824631214, 0.000411889428505674, 0.0, 0.0, 0.0, 0.0, 0.0, 0.0, 0.0, 0.0, 0.0, 0.0, 0.0, 0.0, 0.0, 0.0, -0.027964428067207336, 319.0, 0.028646541759371758, 0.012991456314921379, 0.9969574809074402, 0.0, 0.0, -1.6174380779266357, 0.18730761110782623, -0.10313329030462959
7166, 0.0015618077013641596, 7.683639705646783e-05, 0.008993763476610184, 0.0003283216792624444, 0.0, 0.0, 0.0, 0.0, 0.0, 0.0, 0.0, 0.0, 0.0, 0.0, 0.0, 0.0, 0.0, 0.0, -0.02884555794298649, 332.0, 0.033221881836652756, 0.011462843976914883, 0.9948329925537109, 0.0, 0.0, -1.6173670291900635, 0.18730755150318146, -0.10334173004662117
7186, 0.0011289105750620365, 6.862355803605169e-05, 0.006680342368781567, 0.000548032985534519, 0.0, 0.0, 0.0, 0.0, 0.0, 0.0, 0.0, 0.0, 0.0, 0.0, 0.0, 0.0, 0.0, 0.0, -0.029690243303775787, 332.0, 0.030978353694081306, 0.010460968129336834, 0.9981093406677246, 0.0, 0.0, -1.6174155473709106, 0.18735183775424957, -0.10275387475356311
7206, 0.0010739749995991588, -0.00025625003036111593, 0.006310285069048405, -0.0009119865135289729, 0.0, 0.0, 0.0, 0.0, 0.0, 0.0, 0.0, 0.0, 0.0, 0.0, 0.0, 0.0, 0.0, 0.0, -0.027477409690618515, 332.0, 0.03208969160914421, 0.003374794963747263, 0.9962331652641296, 0.0, 0.0, -1.6173903942108154, 0.18723270297050476, -0.10350664080537639
7226, 0.0010197185911238194, 4.187924423604272e-05, 0.005916816648095846, 0.0006145736551843584, 0.0, 0.0, 0.0, 0.0, 0.0, 0.0, 0.0, 0.0, 0.0, 0.0, 0.0, 0.0, 0.0, 0.0, -0.028504105284810066, 329.0, 0.030726872384548187, 0.005347961559891701, 0.9997811913490295, 0.0, 0.0, -1.6175397634506226, 0.18730854988098145, -0.10151845119629242
7246, 0.000699639436788857, -0.0002566299808677286, 0.004336075857281685, -0.0007870704866945744, 0.0, 0.0, 0.0, 0.0, 0.0, 0.0, 0.0, 0.0, 0.0, 0.0, 0.0, 0.0, 0.0, 0.0, -0.027746785432100296, 329.0, 0.03212547302246094, 0.0002882585977204144, 1.0001994371414185, 0.0, 0.0, -1.617361068725586, 0.18730098009109497, -0.10157376809454001
7266, 0.0012202089419588447, 0.00028960424242541194, 0.0067924195900559425, 0.001364186406135559, 0.0, 0.0, 0.0, 0.0, 0.0, 0.0, 0.0, 0.0, 0.0, 0.0, 0.0, 0.0, 0.0, 0.0, -0.025976208969950676, 329.0, 0.03294350579380989, -0.001599795650690794, 1.002711534500122, 0.0, 0.0, -1.6175463199615479, 0.18726138770580292, -0.09941377829349887
7286, 0.0006886005867272615, 4.1171268094331026e-05, 0.0037999898195266724, 0.0005585631006397307, 0.0, 0.0, 0.0, 0.0, 0.0, 0.0, 0.0, 0.0, 0.0, 0.0, 0.0, 0.0, 0.0, 0.0, -0.024978404864668846, 332.0, 0.031146880239248276, 0.0036018239334225655, 0.9972145557403564, 0.0, 0.0, -1.6173063516616821, 0.18731757998466492, -0.10447835813299969
7306, 0.0009034638642333448, 0.000303717446513474, 0.005252922885119915, 0.001973317004740238, 0.0, 0.0, 0.0, 0.0, 0.0, 0.0, 0.0, 0.0, 0.0, 0.0, 0.0, 0.0, 0.0, 0.0, -0.02441241592168808, 332.0, 0.033918678760528564, 0.0020684858318418264, 0.9982137084007263, 0.0, 0.0, -1.6174811124801636, 0.18744009733200073, -0.10183672779305174
7326, 0.0008804938406683505, 0.0002992807421833277, 0.005215466488152742, 0.00213590613566339, 0.0, 0.0, 0.0, 0.0, 0.0, 0.0, 0.0, 0.0, 0.0, 0.0, 0.0, 0.0, 0.0, 0.0, -0.024337241426110268, 332.0, 0.0332842618227005, 0.006663293577730656, 1.0002615451812744, 0.0, 0.0, -1.6173657178878784, 0.18745207786560059, -0.10348109211710373
7346, 0.0006130591500550508, 0.0002965522580780089, 0.0036774687469005585, 0.001869011903181672, 0.0, 0.0, 0.0, 0.0, 0.0, 0.0, 0.0, 0.0, 0.0, 0.0, 0.0, 0.0, 0.0, 0.0, -0.025262147188186646, 323.0, 0.032234854996204376, 0.005173932295292616, 0.9988842606544495, 0.0, 0.0, -1.6174918413162231, 0.1873636543750763, -0.10187703949430697
7366, 0.0008206740021705627, 0.00028209452284500003, 0.004597902297973633, 0.001953664468601346, 0.0, 0.0, 0.0, 0.0, 0.0, 0.0, 0.0, 0.0, 0.0, 0.0, 0.0, 0.0, 0.0, 0.0, -0.02520681545138359, 323.0, 0.027718907222151756, 0.010292974300682545, 1.003562569618225, 0.0, 0.0, -1.6173665523529053, 0.18735657632350922, -0.10533649517067953
7386, 0.0005808868445456028, 0.0002740062482189387, 0.0029731374233961105, 0.002077781595289707, 0.0, 0.0, 0.0, 0.0, 0.0, 0.0, 0.0, 0.0, 0.0, 0.0, 0.0, 0.0, 0.0, 0.0, -0.025081848725676537, 323.0, 0.030219022184610367, 0.010684345848858356, 0.9976897239685059, 0.0, 0.0, -1.6175286769866943, 0.1873462200164795, -0.10150976866925143
7406, 0.0005535897798836231, 0.00026184521266259253, 0.002770470455288887, 0.0016549520660191774, 0.0, 0.0, 0.0, 0.0, 0.0, 0.0, 0.0, 0.0, 0.0, 0.0, 0.0, 0.0, 0.0, 0.0, -0.02464880235493183, 324.0, 0.03016626089811325, 0.008139128796756268, 1.0010968446731567, 0.0, 0.0, -1.6174676418304443, 0.18718713521957397, -0.10351260767219073
7426, 0.0008127108449116349, 0.00028047856176272035, 0.004273090045899153, 0.0018214982701465487, 0.0, 0.0, 0.0, 0.0, 0.0, 0.0, 0.0, 0.0, 0.0, 0.0, 0.0, 0.0, 0.0, 0.0, -0.02570936270058155, 324.0, 0.030865676701068878, 0.009035713970661163, 1.0001007318496704, 0.0, 0.0, -1.6175563335418701, 0.18736445903778076, -0.1019851797918181
7446, 0.0008658904698677361, 5.532415889319964e-05, 0.0050003440119326115, 0.000617450859863311, 0.0, 0.0, 0.0, 0.0, 0.0, 0.0, 0.0, 0.0, 0.0, 0.0, 0.0, 0.0, 0.0, 0.0, -0.025469670072197914, 324.0, 0.028966689482331276, 0.00491751404479146, 0.9987109899520874, 0.0, 0.0, -1.6174119710922241, 0.18724602460861206, -0.10385819223923633
7466, 0.000970290566328913, 6.428183405660093e-05, 0.005239769816398621, 0.0002639199374243617, 0.0, 0.0, 0.0, 0.0, 0.0, 0.0, 0.0, 0.0, 0.0, 0.0, 0.0, 0.0, 0.0, 0.0, -0.024687498807907104, 324.0, 0.024727823212742805, 0.0038496688939630985, 1.0006928443908691, 0.0, 0.0, -1.6173722743988037, 0.18740752339363098, -0.10243652115062604
7486, 0.0009434472885914147, 5.4192823881749064e-05, 0.005074034444987774, 0.0003102066111750901, 0.0, 0.0, 0.0, 0.0, 0.0, 0.0, 0.0, 0.0, 0.0, 0.0, 0.0, 0.0, 0.0, 0.0, -0.0267377570271492, 324.0, 0.029444020241498947, 0.0038525548297911882, 0.996480405330658, 0.0, 0.0, -1.6175020933151245, 0.18718092143535614, -0.10308816261588909
7506, 0.0009180456399917603, 4.706230538431555e-05, 0.004861021880060434, -3.273591573815793e-05, 0.0, 0.0, 0.0, 0.0, 0.0, 0.0, 0.0, 0.0, 0.0, 0.0, 0.0, 0.0, 0.0, 0.0, -0.026806296780705452, 330.0, 0.02943471632897854, 0.0008271911647170782, 0.9978267550468445, 0.0, 0.0, -1.617456316947937, 0.18716032803058624, -0.10121644268813546
7526, 0.0009586478117853403, 0.00030426488956436515, 0.00465107848867774, 0.0017823900561779737, 0.0, 0.0, 0.0, 0.0, 0.0, 0.0, 0.0, 0.0, 0.0, 0.0, 0.0, 0.0, 0.0, 0.0, -0.026584235951304436, 330.0, 0.025847632437944412, 0.008016482926905155, 0.9978780746459961, 0.0, 0.0, -1.6174803972244263, 0.18737055361270905, -0.10181239025627072
7546, 0.0011867873836308718, 4.4040087232133374e-05, 0.005686821416020393, 0.00012820132542401552, 0.0, 0.0, 0.0, 0.0, 0.0, 0.0, 0.0, 0.0, 0.0, 0.0, 0.0, 0.0, 0.0, 0.0, -0.026654278859496117, 330.0, 0.028877688571810722, 0.004076684825122356, 0.9972774982452393, 0.0, 0.0, -1.6173115968704224, 0.18746405839920044, -0.10308534835603234
7566, 0.0007167527219280601, 0.00031205889536067843, 0.003388085402548313, 0.0014410706935450435, 0.0, 0.0, 0.0, 0.0, 0.0, 0.0, 0.0, 0.0, 0.0, 0.0, 0.0, 0.0, 0.0, 0.0, -0.028559256345033646, 325.0, 0.030172931030392647, 0.0078121512196958065, 0.9990810751914978, 0.0, 0.0, -1.6173040866851807, 0.18726223707199097, -0.10210858141484455
7586, 0.001011110725812614, 0.0003223798703402281, 0.0047761620953679085, 0.001727632712572813, 0.0, 0.0, 0.0, 0.0, 0.0, 0.0, 0.0, 0.0, 0.0, 0.0, 0.0, 0.0, 0.0, 0.0, -0.02852846123278141, 325.0, 0.02834623120725155, 0.008074239827692509, 1.0001940727233887, 0.0, 0.0, -1.6173441410064697, 0.1873658001422882, -0.1041214577407556
7606, 0.0010421184124425054, 5.033776687923819e-05, 0.004947229288518429, 9.922902245307341e-05, 0.0, 0.0, 0.0, 0.0, 0.0, 0.0, 0.0, 0.0, 0.0, 0.0, 0.0, 0.0, 0.0, 0.0, -0.029898827895522118, 325.0, 0.030217653140425682, 0.004329648334532976, 1.0003366470336914, 0.0, 0.0, -1.6175299882888794, 0.1873999834060669, -0.10238701300764938
7626, 0.0007608097512274981, 3.429136995691806e-05, 0.003520397702232003, -0.0004954459145665169, 0.0, 0.0, 0.0, 0.0, 0.0, 0.0, 0.0, 0.0, 0.0, 0.0, 0.0, 0.0, 0.0, 0.0, -0.028759613633155823, 332.0, 0.03125333786010742, 0.0021575838327407837, 1.002734661102295, 0.0, 0.0, -1.6174908876419067, 0.18749094009399414, -0.10357980509664143
7646, 0.0007818840676918626, 0.0003479371953289956, 0.0031843127217143774, 0.0012456526746973395, 0.0, 0.0, 0.0, 0.0, 0.0, 0.0, 0.0, 0.0, 0.0, 0.0, 0.0, 0.0, 0.0, 0.0, -0.028591491281986237, 332.0, 0.028518972918391228, 0.0026484814006835222, 1.0047627687454224, 0.0, 0.0, -1.6175614595413208, 0.18723684549331665, -0.10276415960917912
7666, 0.0011019203811883926, 8.030799654079601e-05, 0.005099987145513296, -0.00019344913016539067, 0.0, 0.0, 0.0, 0.0, 0.0, 0.0, 0.0, 0.0, 0.0, 0.0, 0.0, 0.0, 0.0, 0.0, -0.027248112484812737, 332.0, 0.03384353592991829, 0.001782808336429298, 1.0022106170654297, 0.0, 0.0, -1.6175463199615479, 0.18731147050857544, -0.10118407671093702
7686, 0.00121384731028229, 7.865383668104187e-05, 0.005954196210950613, -0.00027407397283241153, 0.0, 0.0, 0.0, 0.0, 0.0, 0.0, 0.0, 0.0, 0.0, 0.0, 0.0, 0.0, 0.0, 0.0, -0.027707599103450775, 324.0, 0.030767163261771202, 0.0008052187622524798, 1.0011560916900635, 0.0, 0.0, -1.6173425912857056, 0.18715831637382507, -0.10190269906693504
7706, 0.000917362398467958, 0.0001061222210410051, 0.004175780341029167, 0.0004173113266006112, 0.0, 0.0, 0.0, 0.0, 0.0, 0.0, 0.0, 0.0, 0.0, 0.0, 0.0, 0.0, 0.0, 0.0, -0.028122834861278534, 324.0, 0.027151484042406082, 0.0048719746991992, 0.9994227290153503, 0.0, 0.0, -1.6175178289413452, 0.18731987476348877, -0.10149581047700226
7726, 0.0011841788655146956, 0.00042131688678637147, 0.005717264022678137, 0.0022542974911630154, 0.0, 0.0, 0.0, 0.0, 0.0, 0.0, 0.0, 0.0, 0.0, 0.0, 0.0, 0.0, 0.0, 0.0, -0.028907956555485725, 324.0, 0.030021751299500465, 0.005346768070012331, 0.9988459348678589, 0.0, 0.0, -1.6175241470336914, 0.18714267015457153, -0.10269937326719446
7746, 0.001468763337470591, -0.0002064716536551714, 0.007123034913092852, -0.0010118702193722129, 0.0, 0.0, 0.0, 0.0, 0.0, 0.0, 0.0, 0.0, 0.0, 0.0, 0.0, 0.0, 0.0, 0.0, -0.029090261086821556, 334.0, 0.03009384498000145, 0.008515534922480583, 0.9962207078933716, 0.0, 0.0, -1.6176018714904785, 0.18727321922779083, -0.09932887265698584
7766, 0.0008353488519787788, -0.00019546538533177227, 0.0038108774460852146, -0.0009661779040470719, 0.0, 0.0, 0.0, 0.0, 0.0, 0.0, 0.0, 0.0, 0.0, 0.0, 0.0, 0.0, 0.0, 0.0, -0.02868339791893959, 334.0, 0.02733728662133217, 0.010392886586487293, 0.9985283017158508, 0.0, 0.0, -1.6172840595245361, 0.18714521825313568, -0.10103829129458407
7786, 0.0008715811418369412, 0.0003869891515932977, 0.004110389389097691, 0.002154685789719224, 0.0, 0.0, 0.0, 0.0, 0.0, 0.0, 0.0, 0.0, 0.0, 0.0, 0.0, 0.0, 0.0, 0.0, -0.0279779601842165, 334.0, 0.03032671846449375, 0.011829146184027195, 0.997160017490387, 0.0, 0.0, -1.61732017993927, 0.18745601177215576, -0.10349643271260195
7806, 0.0011186886113137007, 8.208528743125498e-05, 0.00545154744759202, 0.0004329359799157828, 0.0, 0.0, 0.0, 0.0, 0.0, 0.0, 0.0, 0.0, 0.0, 0.0, 0.0, 0.0, 0.0, 0.0, -0.02678556554019451, 329.0, 0.03222586587071419, 0.01095380075275898, 0.995863139629364, 0.0, 0.0, -1.6173347234725952, 0.1874503642320633, -0.1033126748612162
7826, 0.0008477387018501759, 0.00010059042688226327, 0.004101742524653673, 4.742492819787003e-05, 0.0, 0.0, 0.0, 0.0, 0.0, 0.0, 0.0, 0.0, 0.0, 0.0, 0.0, 0.0, 0.0, 0.0, -0.02941308729350567, 329.0, 0.030933566391468048, 0.00842888094484806, 0.9962273240089417, 0.0, 0.0, -1.6176401376724243, 0.18741825222969055, -0.10059017541320833
7846, 0.0008200113079510629, 9.585011139279231e-05, 0.0036347461864352226, 5.949861224507913e-05, 0.0, 0.0, 0.0, 0.0, 0.0, 0.0, 0.0, 0.0, 0.0, 0.0, 0.0, 0.0, 0.0, 0.0, -0.029797948896884918, 329.0, 0.028734251856803894, 0.009357161819934845, 1.0011441707611084, 0.0, 0.0, -1.6173945665359497, 0.18728803098201752, -0.10394329864855859
7866, 0.0008037596708163619, 8.856932254275307e-05, 0.0034054385032504797, 0.0004271401558071375, 0.0, 0.0, 0.0, 0.0, 0.0, 0.0, 0.0, 0.0, 0.0, 0.0, 0.0, 0.0, 0.0, 0.0, -0.02929491363465786, 328.0, 0.029630322009325027, 0.008324001915752888, 1.0002933740615845, 0.0, 0.0, -1.617388367652893, 0.18736496567726135, -0.10455712803344658
7886, 0.0008817052585072815, 9.74903377937153e-05, 0.004159817472100258, 9.109722304856405e-05, 0.0, 0.0, 0.0, 0.0, 0.0, 0.0, 0.0, 0.0, 0.0, 0.0, 0.0, 0.0, 0.0, 0.0, -0.029505014419555664, 328.0, 0.034891366958618164, -0.0011845047120004892, 1.002042293548584, 0.0, 0.0, -1.6174590587615967, 0.18722715973854065, -0.10405790602142147
7906, 0.0014147991314530373, 0.0003682271344587207, 0.006814506836235523, 0.0015168273821473122, 0.0, 0.0, 0.0, 0.0, 0.0, 0.0, 0.0, 0.0, 0.0, 0.0, 0.0, 0.0, 0.0, 0.0, -0.029143931344151497, 323.0, 0.0298905111849308, 0.00029719946905970573, 1.0001347064971924, 0.0, 0.0, -1.6173877716064453, 0.1874353140592575, -0.10251905728245482
7926, 0.001399973058141768, 0.0003621320938691497, 0.006670802365988493, 0.0017246638890355825, 0.0, 0.0, 0.0, 0.0, 0.0, 0.0, 0.0, 0.0, 0.0, 0.0, 0.0, 0.0, 0.0, 0.0, -0.029992586001753807, 323.0, 0.03355908766388893, 0.002455649198964238, 1.0036453008651733, 0.0, 0.0, -1.6175421476364136, 0.18734480440616608, -0.10125343542386153
7946, 0.0011009330628439784, -0.00017369294073432684, 0.00535857817158103, -0.0010922353249043226, 0.0, 0.0, 0.0, 0.0, 0.0, 0.0, 0.0, 0.0, 0.0, 0.0, 0.0, 0.0, 0.0, 0.0, -0.029665760695934296, 323.0, 0.03389374539256096, 0.0013222101842984557, 0.9996808767318726, 0.0, 0.0, -1.6174224615097046, 0.18734510242938995, -0.10263171026551936
7966, 0.0013463232899084687, 0.00010578125511528924, 0.006704544648528099, 0.00027481658617034554, 0.0, 0.0, 0.0, 0.0, 0.0, 0.0, 0.0, 0.0, 0.0, 0.0, 0.0, 0.0, 0.0, 0.0, -0.028263801708817482, 323.0, 0.03322601690888405, 0.0034353146329522133, 0.9976892471313477, 0.0, 0.0, -1.6175110340118408, 0.1873377114534378, -0.10104457233834771
7986, 0.0008120977436192334, 0.00037160603096708655, 0.0034250756725668907, 0.0020610587671399117, 0.0, 0.0, 0.0, 0.0, 0.0, 0.0, 0.0, 0.0, 0.0, 0.0, 0.0, 0.0, 0.0, 0.0, -0.02910618856549263, 323.0, 0.02790914662182331, 0.012760261073708534, 0.9999986290931702, 0.0, 0.0, -1.6173158884048462, 0.18714693188667297, -0.10133078471313794
8006, 0.0012656283797696233, -0.00012364538270048797, 0.005416300147771835, 1.8770540918922052e-05, 0.0, 0.0, 0.0, 0.0, 0.0, 0.0, 0.0, 0.0, 0.0, 0.0, 0.0, 0.0, 0.0, 0.0, -0.027767008170485497, 323.0, 0.03202264383435249, 0.01427170168608427, 1.0004756450653076, 0.0, 0.0, -1.6175512075424194, 0.18722078204154968, -0.09934635264336006
8026, 0.001380590139888227, -0.00012786226579919457, 0.006115483120083809, 3.3767712011467665e-05, 0.0, 0.0, 0.0, 0.0, 0.0, 0.0, 0.0, 0.0, 0.0, 0.0, 0.0, 0.0, 0.0, 0.0, -0.02805858850479126, 327.0, 0.03170489892363548, 0.013063724152743816, 0.9978379011154175, 0.0, 0.0, -1.6173090934753418, 0.18754953145980835, -0.10447667393287685
8046, 0.0008294426370412111, 0.00013068121916148812, 0.003624974051490426, 0.0014017003122717142, 0.0, 0.0, 0.0, 0.0, 0.0, 0.0, 0.0, 0.0, 0.0, 0.0, 0.0, 0.0, 0.0, 0.0, -0.02692885510623455, 327.0, 0.03348575904965401, 0.015033289790153503, 0.9933865666389465, 0.0, 0.0, -1.617453932762146, 0.18721777200698853, -0.10435425055211209
8066, 0.001057110377587378, -0.0001337330904789269, 0.004356162156909704, 0.00014867268328089267, 0.0, 0.0, 0.0, 0.0, 0.0, 0.0, 0.0, 0.0, 0.0, 0.0, 0.0, 0.0, 0.0, 0.0, -0.02844475768506527, 327.0, 0.028673222288489342, 0.014894572086632252, 0.9971925020217896, 0.0, 0.0, -1.617457389831543, 0.1873718947172165, -0.10318098376541097
8086, 0.0008377053309231997, 0.00010752218076959252, 0.0032288581132888794, 0.00160658557433635, 0.0, 0.0, 0.0, 0.0, 0.0, 0.0, 0.0, 0.0, 0.0, 0.0, 0.0, 0.0, 0.0, 0.0, -0.029111528769135475, 330.0, 0.028791222721338272, 0.01118257362395525, 1.0025883913040161, 0.0, 0.0, -1.6175915002822876, 0.18734784424304962, -0.10191702072814514
8106, 0.0010702352738007903, 8.558468834962696e-05, 0.004310297314077616, 0.0015062110032886267, 0.0, 0.0, 0.0, 0.0, 0.0, 0.0, 0.0, 0.0, 0.0, 0.0, 0.0, 0.0, 0.0, 0.0, -0.02790141850709915, 330.0, 0.028903957456350327, 0.007185152266174555, 0.9971802234649658, 0.0, 0.0, -1.617462396621704, 0.18737885355949402, -0.10246350837122696
8126, 0.0010992599418386817, 0.00034098097239620984, 0.004682653117924929, 0.0017638745484873652, 0.0, 0.0, 0.0, 0.0, 0.0, 0.0, 0.0, 0.0, 0.0, 0.0, 0.0, 0.0, 0.0, 0.0, -0.02962995320558548, 330.0, 0.03139648959040642, -0.0021634744480252266, 0.9944281578063965, 0.0, 0.0, -1.617329478263855, 0.1873006820678711, -0.10126010724526255
8146, 0.0012134162243455648, 0.0003799885744228959, 0.005442410241812468, 0.0014605405740439892, 0.0, 0.0, 0.0, 0.0, 0.0, 0.0, 0.0, 0.0, 0.0, 0.0, 0.0, 0.0, 0.0, 0.0, -0.02949364297091961, 325.0, 0.029633332043886185, -0.003901668358594179, 0.9984830617904663, 0.0, 0.0, -1.6175165176391602, 0.18737950921058655, -0.10202142062009167
8166, 0.0009056561393663287, 9.458812564844266e-05, 0.003614903660491109, 0.00021486106561496854, 0.0, 0.0, 0.0, 0.0, 0.0, 0.0, 0.0, 0.0, 0.0, 0.0, 0.0, 0.0, 0.0, 0.0, -0.027648111805319786, 325.0, 0.027293501421809196, 0.0017489079618826509, 1.0023930072784424, 0.0, 0.0, -1.6174453496932983, 0.18736056983470917, -0.10299680578329842
8186, 0.0012380561092868447, -0.0002190735685871914, 0.005233753472566605, -0.0009865290485322475, 0.0, 0.0, 0.0, 0.0, 0.0, 0.0, 0.0, 0.0, 0.0, 0.0, 0.0, 0.0, 0.0, 0.0, -0.02677462436258793, 325.0, 0.03187045082449913, 0.0014462867984548211, 1.0047821998596191, 0.0, 0.0, -1.6175371408462524, 0.18738655745983124, -0.10264999736857938
8206, 0.0015659542987123132, 0.0001052489533321932, 0.00669819163158536, 0.0008568815537728369, 0.0, 0.0, 0.0, 0.0, 0.0, 0.0, 0.0, 0.0, 0.0, 0.0, 0.0, 0.0, 0.0, 0.0, -0.027874378487467766, 337.0, 0.031092239543795586, 0.00019494819571264088, 0.9990604519844055, 0.0, 0.0, -1.6174439191818237, 0.18731184303760529, -0.10301175807296978
8226, 0.0015266030095517635, 9.349080210085958e-05, 0.006792909931391478, 0.0005733678117394447, 0.0, 0.0, 0.0, 0.0, 0.0, 0.0, 0.0, 0.0, 0.0, 0.0, 0.0, 0.0, 0.0, 0.0, -0.030407657846808434, 337.0, 0.03333490714430809, 0.0028663037810474634, 0.998234212398529, 0.0, 0.0, -1.6175048351287842, 0.1872500479221344, -0.10252198356197473
8246, 0.0012718546204268932, 0.00010026559903053567, 0.005580630153417587, 0.000230143079534173, 0.0, 0.0, 0.0, 0.0, 0.0, 0.0, 0.0, 0.0, 0.0, 0.0, 0.0, 0.0, 0.0, 0.0, -0.030977334827184677, 337.0, 0.032777439802885056, 0.00367438280954957, 1.0029617547988892, 0.0, 0.0, -1.6175076961517334, 0.18725156784057617, -0.1014564428133328
8266, 0.001595164299942553, 0.0001105872361222282, 0.006644833832979202, 0.00025698114768601954, 0.0, 0.0, 0.0, 0.0, 0.0, 0.0, 0.0, 0.0, 0.0, 0.0, 0.0, 0.0, 0.0, 0.0, -0.030814552679657936, 321.0, 0.028233269229531288, 0.00606816541403532, 1.0026130676269531, 0.0, 0.0, -1.6174545288085938, 0.18727216124534607, -0.10132642612213669
8286, 0.0013229900505393744, 0.000108588625153061, 0.004952610936015844, 0.0007792035466991365, 0.0, 0.0, 0.0, 0.0, 0.0, 0.0, 0.0, 0.0, 0.0, 0.0, 0.0, 0.0, 0.0, 0.0, -0.031134845688939095, 321.0, 0.029643097892403603, 0.013716361485421658, 1.0027984380722046, 0.0, 0.0, -1.617364525794983, 0.1873793751001358, -0.10470900219199794
8306, 0.0014241613680496812, 0.00012630136916413903, 0.005130695179104805, 0.001266100094653666, 0.0, 0.0, 0.0, 0.0, 0.0, 0.0, 0.0, 0.0, 0.0, 0.0, 0.0, 0.0, 0.0, 0.0, -0.03068114072084427, 328.0, 0.02602030336856842, 0.012831433676183224, 1.0025818347930908, 0.0, 0.0, -1.6173616647720337, 0.18734274804592133, -0.10471426652286477
8326, 0.0015382413985207677, 0.00015305964916478842, 0.005590198095887899, 0.0014234958216547966, 0.0, 0.0, 0.0, 0.0, 0.0, 0.0, 0.0, 0.0, 0.0, 0.0, 0.0, 0.0, 0.0, 0.0, -0.03103642724454403, 328.0, 0.025443274527788162, 0.009015076793730259, 0.9971663355827332, 0.0, 0.0, -1.6174232959747314, 0.18735843896865845, -0.10366694953441702
8346, 0.0016600557137280703, 0.00017724395729601383, 0.006394313182681799, 0.001155179226770997, 0.0, 0.0, 0.0, 0.0, 0.0, 0.0, 0.0, 0.0, 0.0, 0.0, 0.0, 0.0, 0.0, 0.0, -0.032068487256765366, 328.0, 0.027508791536092758, 0.006114243995398283, 0.9933667182922363, 0.0, 0.0, -1.6173999309539795, 0.1873222440481186, -0.1038250814192661
8366, 0.0017659349832683802, 0.0001873613946372643, 0.006757629103958607, 0.000502978393342346, 0.0, 0.0, 0.0, 0.0, 0.0, 0.0, 0.0, 0.0, 0.0, 0.0, 0.0, 0.0, 0.0, 0.0, -0.03230855241417885, 328.0, 0.025123072788119316, 0.0017326734960079193, 0.9970641732215881, 0.0, 0.0, -1.6175434589385986, 0.18738065659999847, -0.10210653828046243
8386, 0.0013089108979329467, 0.00018337198707740754, 0.004842317663133144, -8.541902934666723e-05, 0.0, 0.0, 0.0, 0.0, 0.0, 0.0, 0.0, 0.0, 0.0, 0.0, 0.0, 0.0, 0.0, 0.0, -0.03319740667939186, 328.0, 0.028167586773633957, 0.001281051430851221, 0.9954562187194824, 0.0, 0.0, -1.6173558235168457, 0.1873806118965149, -0.10384436819325539
8406, 0.001816285657696426, 0.0001965039555216208, 0.007072229869663715, 8.398847421631217e-05, 0.0, 0.0, 0.0, 0.0, 0.0, 0.0, 0.0, 0.0, 0.0, 0.0, 0.0, 0.0, 0.0, 0.0, -0.03307913616299629, 328.0, 0.027758678421378136, 0.006069757975637913, 0.9972975254058838, 0.0, 0.0, -1.6173467636108398, 0.18733195960521698, -0.10076808336475561
8426, 0.0016813561087474227, 0.00019805484043899924, 0.0059142508544027805, 0.0002762222138699144, 0.0, 0.0, 0.0, 0.0, 0.0, 0.0, 0.0, 0.0, 0.0, 0.0, 0.0, 0.0, 0.0, 0.0, -0.03296363726258278, 329.0, 0.02709502913057804, 0.004439408890902996, 0.9999304413795471, 0.0, 0.0, -1.617429256439209, 0.18741542100906372, -0.10354302672173644
8446, 0.0019905485678464174, 0.00018176772573497146, 0.007105614058673382, 0.0004428931570146233, 0.0, 0.0, 0.0, 0.0, 0.0, 0.0, 0.0, 0.0, 0.0, 0.0, 0.0, 0.0, 0.0, 0.0, -0.032069068402051926, 329.0, 0.02982991188764572, 0.002578070852905512, 1.0018911361694336, 0.0, 0.0, -1.6173533201217651, 0.18739522993564606, -0.10203606268424929
8466, 0.002025464316830039, 0.0005551879876293242, 0.006889438722282648, 0.00238820887170732, 0.0, 0.0, 0.0, 0.0, 0.0, 0.0, 0.0, 0.0, 0.0, 0.0, 0.0, 0.0, 0.0, 0.0, -0.032364483922719955, 329.0, 0.03155095502734184, 0.004329814109951258, 1.004284143447876, 0.0, 0.0, -1.617488145828247, 0.18738044798374176, -0.10241759673712138
8486, 0.0016549923457205296, 0.0005311885033734143, 0.004979593213647604, 0.00248385570012033, 0.0, 0.0, 0.0, 0.0, 0.0, 0.0, 0.0, 0.0, 0.0, 0.0, 0.0, 0.0, 0.0, 0.0, -0.031697195023298264, 324.0, 0.032112181186676025, 0.0037001396995037794, 1.0077894926071167, 0.0, 0.0, -1.617588996887207, 0.18736578524112701, -0.10048839885277042
8506, 0.0016771520022302866, -0.0003055762208532542, 0.004648355767130852, -0.0009141456102952361, 0.0, 0.0, 0.0, 0.0, 0.0, 0.0, 0.0, 0.0, 0.0, 0.0, 0.0, 0.0, 0.0, 0.0, -0.034216687083244324, 324.0, 0.029680661857128143, 0.0029728456865996122, 1.0044457912445068, 0.0, 0.0, -1.6175377368927002, 0.18732552230358124, -0.1012551358922025
8526, 0.0016848372761160135, 7.899924094090238e-05, 0.004650374408811331, 0.0009058016003109515, 0.0, 0.0, 0.0, 0.0, 0.0, 0.0, 0.0, 0.0, 0.0, 0.0, 0.0, 0.0, 0.0, 0.0, -0.03550364822149277, 324.0, 0.031094683334231377, 0.003214763943105936, 1.0050803422927856, 0.0, 0.0, -1.6174654960632324, 0.1872536987066269, -0.10349292296511936
8546, 0.001251919544301927, 7.529419963248074e-05, 0.0024418607354164124, 0.0014519903343170881, 0.0, 0.0, 0.0, 0.0, 0.0, 0.0, 0.0, 0.0, 0.0, 0.0, 0.0, 0.0, 0.0, 0.0, -0.03587803989648819, 329.0, 0.028031516820192337, 0.008352587930858135, 1.00266432762146, 0.0, 0.0, -1.617462158203125, 0.1874971091747284, -0.1025851998802352
8566, 0.001303242752328515, 0.00010900630877586082, 0.0027918980922549963, 0.0018669009441509843, 0.0, 0.0, 0.0, 0.0, 0.0, 0.0, 0.0, 0.0, 0.0, 0.0, 0.0, 0.0, 0.0, 0.0, -0.03597933053970337, 329.0, 0.02913493476808071, 0.008766968734562397, 1.004603624343872, 0.0, 0.0, -1.6173961162567139, 0.18740779161453247, -0.10478672822918693
8586, 0.0016136207850649953, 0.00042358849896118045, 0.004062155727297068, 0.003544356906786561, 0.0, 0.0, 0.0, 0.0, 0.0, 0.0, 0.0, 0.0, 0.0, 0.0, 0.0, 0.0, 0.0, 0.0, -0.037072811275720596, 329.0, 0.025561310350894928, 0.01410587877035141, 0.9990042448043823, 0.0, 0.0, -1.6175494194030762, 0.18728050589561462, -0.10031703658935055
8606, 0.001677633379586041, 4.947561683366075e-05, 0.004129363223910332, 0.0023549972102046013, 0.0, 0.0, 0.0, 0.0, 0.0, 0.0, 0.0, 0.0, 0.0, 0.0, 0.0, 0.0, 0.0, 0.0, -0.03749542683362961, 323.0, 0.026476919651031494, 0.0137915825471282, 0.9969133734703064, 0.0, 0.0, -1.6173443794250488, 0.18744997680187225, -0.10326055707925755
8626, 0.0020555832888931036, 8.621472079539672e-05, 0.006152475718408823, 0.002668927190825343, 0.0, 0.0, 0.0, 0.0, 0.0, 0.0, 0.0, 0.0, 0.0, 0.0, 0.0, 0.0, 0.0, 0.0, -0.035999100655317307, 323.0, 0.029418645426630974, 0.01253458671271801, 0.9970635175704956, 0.0, 0.0, -1.6172000169754028, 0.18743681907653809, -0.10274282126099181
8646, 0.0012505967170000076, 0.00012114588025724515, 0.0028213157784193754, 0.002587000373750925, 0.0, 0.0, 0.0, 0.0, 0.0, 0.0, 0.0, 0.0, 0.0, 0.0, 0.0, 0.0, 0.0, 0.0, -0.03502098470926285, 334.0, 0.029381753876805305, 0.011107072234153748, 0.9964731335639954, 0.0, 0.0, -1.6174354553222656, 0.18732337653636932, -0.10323391638456042
8666, 0.002070116112008691, 0.00014676075079478323, 0.006687745917588472, 0.0024470333009958267, 0.0, 0.0, 0.0, 0.0, 0.0, 0.0, 0.0, 0.0, 0.0, 0.0, 0.0, 0.0, 0.0, 0.0, -0.035470012575387955, 334.0, 0.030213557183742523, 0.010373122058808804, 0.9981372356414795, 0.0, 0.0, -1.6172997951507568, 0.18745510280132294, -0.10274071758186372
8686, 0.0012518850853666663, 0.00012860207061748952, 0.003210449358448386, 0.0019843713380396366, 0.0, 0.0, 0.0, 0.0, 0.0, 0.0, 0.0, 0.0, 0.0, 0.0, 0.0, 0.0, 0.0, 0.0, -0.03410966694355011, 334.0, 0.03254569694399834, 0.007905358448624611, 0.9982802867889404, 0.0, 0.0, -1.6174225807189941, 0.18736736476421356, -0.10466191684668293
8706, 0.0012339820386841893, 0.0005271394038572907, 0.003508715657517314, 0.0038241392467170954, 0.0, 0.0, 0.0, 0.0, 0.0, 0.0, 0.0, 0.0, 0.0, 0.0, 0.0, 0.0, 0.0, 0.0, -0.033217549324035645, 330.0, 0.03344443812966347, 0.001904402393847704, 0.9999574422836304, 0.0, 0.0, -1.6173871755599976, 0.187351793050766, -0.10441126837260829
8726, 0.001646716962568462, 0.0004862982896156609, 0.00564103526994586, 0.0034688380546867847, 0.0, 0.0, 0.0, 0.0, 0.0, 0.0, 0.0, 0.0, 0.0, 0.0, 0.0, 0.0, 0.0, 0.0, -0.03336387127637863, 330.0, 0.03436091169714928, -0.0017590041970834136, 1.0002508163452148, 0.0, 0.0, -1.6174750328063965, 0.18724681437015533, -0.10333789507665823
8746, 0.0017709349049255252, 0.0005545531748794019, 0.006676110439002514, 0.003656841814517975, 0.0, 0.0, 0.0, 0.0, 0.0, 0.0, 0.0, 0.0, 0.0, 0.0, 0.0, 0.0, 0.0, 0.0, -0.032035864889621735, 330.0, 0.03497536852955818, 0.0004052551812492311, 0.999189019203186, 0.0, 0.0, -1.6174139976501465, 0.1873670071363449, -0.10284825590293988
8766, 0.0019449973478913307, 0.0006263901595957577, 0.007669028826057911, 0.0032964253332465887, 0.0, 0.0, 0.0, 0.0, 0.0, 0.0, 0.0, 0.0, 0.0, 0.0, 0.0, 0.0, 0.0, 0.0, -0.03311016783118248, 336.0, 0.03446519374847412, -0.0002649237576406449, 1.0007820129394531, 0.0, 0.0, -1.6175249814987183, 0.18731993436813354, -0.10124714104288733
8786, 0.0017612590454518795, 0.0001471569121349603, 0.007127787452191114, 0.0008608597563579679, 0.0, 0.0, 0.0, 0.0, 0.0, 0.0, 0.0, 0.0, 0.0, 0.0, 0.0, 0.0, 0.0, 0.0, -0.035657819360494614, 336.0, 0.03370470181107521, 0.001315623288974166, 0.9995533227920532, 0.0, 0.0, -1.6174122095108032, 0.18727123737335205, -0.10353738844424594
8806, 0.001903677824884653, 0.00015288102440536022, 0.00821483600884676, 0.00030666106613352895, 0.0, 0.0, 0.0, 0.0, 0.0, 0.0, 0.0, 0.0, 0.0, 0.0, 0.0, 0.0, 0.0, 0.0, -0.03382418677210808, 336.0, 0.03340316563844681, 0.005553392227739096, 0.9986310601234436, 0.0, 0.0, -1.6175628900527954, 0.1873127818107605, -0.10082370380918575
8826, 0.0020791359711438417, 0.0001512409799033776, 0.009249825030565262, -0.00032214386737905443, 0.0, 0.0, 0.0, 0.0, 0.0, 0.0, 0.0, 0.0, 0.0, 0.0, 0.0, 0.0, 0.0, 0.0, -0.03182700648903847, 326.0, 0.03330698609352112, 0.010153586976230145, 0.9971181750297546, 0.0, 0.0, -1.6171870231628418, 0.18732231855392456, -0.10360042177137864
8846, 0.0022555687464773655, 0.000138982679345645, 0.009873517788946629, -0.0007535445038229227, 0.0, 0.0, 0.0, 0.0, 0.0, 0.0, 0.0, 0.0, 0.0, 0.0, 0.0, 0.0, 0.0, 0.0, -0.03050299361348152, 326.0, 0.03118734247982502, 0.008097066543996334, 0.9955443739891052, 0.0, 0.0, -1.6175681352615356, 0.18727970123291016, -0.09926095944571925
8866, 0.0016142112435773015, 0.0007406065124087036, 0.007289337459951639, 0.0010854665888473392, 0.0, 0.0, 0.0, 0.0, 0.0, 0.0, 0.0, 0.0, 0.0, 0.0, 0.0, 0.0, 0.0, 0.0, -0.02995903603732586, 326.0, 0.03193294256925583, 0.011010093614459038, 0.994283139705658, 0.0, 0.0, -1.6175239086151123, 0.18730881810188293, -0.1012466015643398
8886, 0.0026501589454710484, 0.00013025413500145078, 0.011501516215503216, -0.0018673186423256993, 0.0, 0.0, 0.0, 0.0, 0.0, 0.0, 0.0, 0.0, 0.0, 0.0, 0.0, 0.0, 0.0, 0.0, -0.02934778667986393, 333.0, 0.03060392662882805, 0.009046724066138268, 0.9973079562187195, 0.0, 0.0, -1.6174744367599487, 0.1872948706150055, -0.10389286541982042
8906, 0.002033178461715579, 0.0001611970947124064, 0.008631316013634205, -0.0018318992806598544, 0.0, 0.0, 0.0, 0.0, 0.0, 0.0, 0.0, 0.0, 0.0, 0.0, 0.0, 0.0, 0.0, 0.0, -0.0300284456461668, 333.0, 0.03082868829369545, 0.0044538406655192375, 0.9955977201461792, 0.0, 0.0, -1.617467999458313, 0.1873735785484314, -0.10256205414084514
8926, 0.0025195302441716194, 0.00017254904378205538, 0.010741686448454857, -0.002186180092394352, 0.0, 0.0, 0.0, 0.0, 0.0, 0.0, 0.0, 0.0, 0.0, 0.0, 0.0, 0.0, 0.0, 0.0, -0.030573859810829163, 333.0, 0.03254042938351631, 0.003632937092334032, 0.9954317212104797, 0.0, 0.0, -1.6174763441085815, 0.18725056946277618, -0.10407733718224084
8946, 0.001439988031052053, 0.000168002225109376, 0.006508756894618273, -0.002461853204295039, 0.0, 0.0, 0.0, 0.0, 0.0, 0.0, 0.0, 0.0, 0.0, 0.0, 0.0, 0.0, 0.0, 0.0, -0.0289616622030735, 328.0, 0.03139103576540947, 0.0007261179853230715, 1.0011051893234253, 0.0, 0.0, -1.6175118684768677, 0.1873769611120224, -0.10240981077788196
8966, 0.0019144653342664242, 0.00018985065980814397, 0.008597472682595253, -0.002481462899595499, 0.0, 0.0, 0.0, 0.0, 0.0, 0.0, 0.0, 0.0, 0.0, 0.0, 0.0, 0.0, 0.0, 0.0, -0.029958408325910568, 328.0, 0.02971232682466507, 0.0008774120360612869, 0.9965366721153259, 0.0, 0.0, -1.6174073219299316, 0.1873907446861267, -0.10480195032935362
8986, 0.0018587897066026926, 0.0007022094214335084, 0.00847738329321146, -0.0005337661714293063, 0.0, 0.0, 0.0, 0.0, 0.0, 0.0, 0.0, 0.0, 0.0, 0.0, 0.0, 0.0, 0.0, 0.0, -0.028884219005703926, 331.0, 0.03203977271914482, 0.0034429740626364946, 0.9959619045257568, 0.0, 0.0, -1.6173548698425293, 0.18729178607463837, -0.10034817940025491
9006, 0.0018044646130874753, 0.00023143684666138142, 0.008306360803544521, -0.0027464497834444046, 0.0, 0.0, 0.0, 0.0, 0.0, 0.0, 0.0, 0.0, 0.0, 0.0, 0.0, 0.0, 0.0, 0.0, -0.02867068164050579, 331.0, 0.03328234702348709, -0.0005329190753400326, 0.996788501739502, 0.0, 0.0, -1.6174761056900024, 0.18729959428310394, -0.10250924996771645
9026, 0.0017932134214788675, 0.0007328375359065831, 0.008668238297104836, -0.0009170506382361054, 0.0, 0.0, 0.0, 0.0, 0.0, 0.0, 0.0, 0.0, 0.0, 0.0, 0.0, 0.0, 0.0, 0.0, -0.030336594209074974, 331.0, 0.033396005630493164, 0.0025587768759578466, 0.9970256686210632, 0.0, 0.0, -1.617417335510254, 0.1873520314693451, -0.10033553103304359
9046, 0.00158077129162848, 0.0003114734136033803, 0.008027761243283749, -0.0029562192503362894, 0.0, 0.0, 0.0, 0.0, 0.0, 0.0, 0.0, 0.0, 0.0, 0.0, 0.0, 0.0, 0.0, 0.0, -0.03083105944097042, 326.0, 0.030907070264220238, 0.008840658701956272, 0.997892439365387, 0.0, 0.0, -1.6172984838485718, 0.1873236447572708, -0.10239371208235194
9066, 0.002036763122305274, 0.00033784168772399426, 0.009929504245519638, -0.0026639720890671015, 0.0, 0.0, 0.0, 0.0, 0.0, 0.0, 0.0, 0.0, 0.0, 0.0, 0.0, 0.0, 0.0, 0.0, -0.032017383724451065, 326.0, 0.031241459771990776, 0.005967345088720322, 1.0004323720932007, 0.0, 0.0, -1.6174312829971313, 0.18728657066822052, -0.10365303186494876
9086, 0.0022408131044358015, 0.0002851366880349815, 0.010337650775909424, -0.0025737646501511335, 0.0, 0.0, 0.0, 0.0, 0.0, 0.0, 0.0, 0.0, 0.0, 0.0, 0.0, 0.0, 0.0, 0.0, -0.03297816216945648, 326.0, 0.02820335514843464, 0.007459395565092564, 1.0020487308502197, 0.0, 0.0, -1.6175150871276855, 0.18718712031841278, -0.10326966729213963
9106, 0.0015732074389234185, -9.804868750507012e-05, 0.007220365572720766, -0.0034874361008405685, 0.0, 0.0, 0.0, 0.0, 0.0, 0.0, 0.0, 0.0, 0.0, 0.0, 0.0, 0.0, 0.0, 0.0, -0.03291541337966919, 329.0, 0.02728128619492054, 0.005355877336114645, 1.0039665699005127, 0.0, 0.0, -1.6174883842468262, 0.1871819943189621, -0.10164409090852913
9126, 0.0015860960120335221, 0.0003059174632653594, 0.006906150374561548, -0.0010753197129815817, 0.0, 0.0, 0.0, 0.0, 0.0, 0.0, 0.0, 0.0, 0.0, 0.0, 0.0, 0.0, 0.0, 0.0, -0.0319899320602417, 329.0, 0.02785690501332283, 0.0009657980408519506, 1.0034325122833252, 0.0, 0.0, -1.6174396276474, 0.18726761639118195, -0.10547977433025421
9146, 0.0014404678950086236, -8.321351924678311e-05, 0.006190308835357428, -0.0018756937934085727, 0.0, 0.0, 0.0, 0.0, 0.0, 0.0, 0.0, 0.0, 0.0, 0.0, 0.0, 0.0, 0.0, 0.0, -0.03294992446899414, 329.0, 0.02903982438147068, 0.0039709447883069515, 1.0021297931671143, 0.0, 0.0, -1.6171551942825317, 0.18733276426792145, -0.10379403593514026
9166, 0.001840908662416041, -5.822685488965362e-05, 0.007774712052196264, -0.0012033855309709907, 0.0, 0.0, 0.0, 0.0, 0.0, 0.0, 0.0, 0.0, 0.0, 0.0, 0.0, 0.0, 0.0, 0.0, -0.033081017434597015, 326.0, 0.02734839916229248, 0.0057772863656282425, 0.999379575252533, 0.0, 0.0, -1.6173245906829834, 0.1873147338628769, -0.10141289422597795
9186, 0.0009845347376540303, 0.0007112982566468418, 0.004086848348379135, 0.0025414300616830587, 0.0, 0.0, 0.0, 0.0, 0.0, 0.0, 0.0, 0.0, 0.0, 0.0, 0.0, 0.0, 0.0, 0.0, -0.03351534530520439, 326.0, 0.02621731534600258, 0.007050504442304373, 1.0007290840148926, 0.0, 0.0, -1.6172666549682617, 0.18738286197185516, -0.10313165145839649
9206, 0.0012797318631783128, 0.00034728998434729874, 0.005145465023815632, 0.0012752123875543475, 0.0, 0.0, 0.0, 0.0, 0.0, 0.0, 0.0, 0.0, 0.0, 0.0, 0.0, 0.0, 0.0, 0.0, -0.033792316913604736, 326.0, 0.026548946276307106, 0.014890528284013271, 0.9990836977958679, 0.0, 0.0, -1.6174911260604858, 0.187347412109375, -0.10196796349925596
9226, 0.0012192209251224995, 0.0003302156983409077, 0.00455934414640069, 0.001509302295744419, 0.0, 0.0, 0.0, 0.0, 0.0, 0.0, 0.0, 0.0, 0.0, 0.0, 0.0, 0.0, 0.0, 0.0, -0.03317518159747124, 331.0, 0.029317116364836693, 0.011827347800135612, 1.0016316175460815, 0.0, 0.0, -1.6172071695327759, 0.18726539611816406, -0.10287447154950428
9246, 0.0012345693539828062, 0.0006995029398240149, 0.004659790545701981, 0.0033299950882792473, 0.0, 0.0, 0.0, 0.0, 0.0, 0.0, 0.0, 0.0, 0.0, 0.0, 0.0, 0.0, 0.0, 0.0, -0.03423427417874336, 331.0, 0.029394606128335, 0.012525367550551891, 0.9987983703613281, 0.0, 0.0, -1.6174640655517578, 0.1873234659433365, -0.10384800450622358
9266, 0.0013306739274412394, 0.0007717920234426856, 0.004970688838511705, 0.0035714157857000828, 0.0, 0.0, 0.0, 0.0, 0.0, 0.0, 0.0, 0.0, 0.0, 0.0, 0.0, 0.0, 0.0, 0.0, -0.034764956682920456, 331.0, 0.02972099743783474, 0.013412008062005043, 1.0020769834518433, 0.0, 0.0, -1.6173142194747925, 0.18753859400749207, -0.10419315119978327
9286, 0.001441364292986691, 0.0008561029098927975, 0.005132625345140696, 0.004087244626134634, 0.0, 0.0, 0.0, 0.0, 0.0, 0.0, 0.0, 0.0, 0.0, 0.0, 0.0, 0.0, 0.0, 0.0, -0.0353773832321167, 326.0, 0.028679659590125084, 0.008150232955813408, 1.0002119541168213, 0.0, 0.0, -1.6175024509429932, 0.1874246448278427, -0.10163762648608199
9306, 0.000998080475255847, 0.00041905062971636653, 0.0029999727848917246, 0.0017434393521398306, 0.0, 0.0, 0.0, 0.0, 0.0, 0.0, 0.0, 0.0, 0.0, 0.0, 0.0, 0.0, 0.0, 0.0, -0.03592284768819809, 326.0, 0.028782183304429054, 0.0036736277397722006, 0.9981229305267334, 0.0, 0.0, -1.6174777746200562, 0.18735818564891815, -0.10201158376714849
9326, 0.0010590701131150126, 0.0004549874283839017, 0.003479406703263521, 0.0015141189796850085, 0.0, 0.0, 0.0, 0.0, 0.0, 0.0, 0.0, 0.0, 0.0, 0.0, 0.0, 0.0, 0.0, 0.0, -0.03734629973769188, 326.0, 0.03146703168749809, -0.0020311663392931223, 1.0009851455688477, 0.0, 0.0, -1.617565393447876, 0.187339186668396, -0.10070639164867412
9346, 0.00146023603156209, 0.0008869182202033699, 0.005756516940891743, 0.003047449979931116, 0.0, 0.0, 0.0, 0.0, 0.0, 0.0, 0.0, 0.0, 0.0, 0.0, 0.0, 0.0, 0.0, 0.0, -0.0377030149102211, 332.0, 0.03371615335345268, -0.006369680166244507, 1.001853585243225, 0.0, 0.0, -1.6175185441970825, 0.18740350008010864, -0.10075412818693603
9366, 0.001464882749132812, 0.0004580658278428018, 0.006641114596277475, 0.0007176587823778391, 0.0, 0.0, 0.0, 0.0, 0.0, 0.0, 0.0, 0.0, 0.0, 0.0, 0.0, 0.0, 0.0, 0.0, -0.03761204704642296, 332.0, 0.03640185296535492, -0.0038385367952287197, 0.9979304671287537, 0.0, 0.0, -1.6174721717834473, 0.18726705014705658, -0.10161158934428564
9386, 0.001851945649832487, 0.0005107184988446534, 0.008987901732325554, 0.0005285825463943183, 0.0, 0.0, 0.0, 0.0, 0.0, 0.0, 0.0, 0.0, 0.0, 0.0, 0.0, 0.0, 0.0, 0.0, -0.035904109477996826, 323.0, 0.0346926711499691, -0.0040503619238734245, 0.9989531636238098, 0.0, 0.0, -1.617554783821106, 0.1873565912246704, -0.10232632103847356
9406, 0.0014638566644862294, 0.0004885190282948315, 0.0075126648880541325, 0.0005986892501823604, 0.0, 0.0, 0.0, 0.0, 0.0, 0.0, 0.0, 0.0, 0.0, 0.0, 0.0, 0.0, 0.0, 0.0, -0.03539397194981575, 323.0, 0.031376175582408905, 0.0028429932426661253, 0.9981829524040222, 0.0, 0.0, -1.6173145771026611, 0.18743343651294708, -0.10496003117713192
9426, 0.0010743887396529317, 0.000878227932844311, 0.0051597245037555695, 0.0022307324688881636, 0.0, 0.0, 0.0, 0.0, 0.0, 0.0, 0.0, 0.0, 0.0, 0.0, 0.0, 0.0, 0.0, 0.0, -0.03761746734380722, 323.0, 0.030507422983646393, 0.010072427801787853, 1.0019614696502686, 0.0, 0.0, -1.6175869703292847, 0.18722490966320038, -0.09948704030999449
9446, 0.0009793317876756191, 0.0008400436490774155, 0.0042663998901844025, 0.002346252789720893, 0.0, 0.0, 0.0, 0.0, 0.0, 0.0, 0.0, 0.0, 0.0, 0.0, 0.0, 0.0, 0.0, 0.0, -0.03951683267951012, 338.0, 0.02992589771747589, 0.009510636329650879, 0.9992066621780396, 0.0, 0.0, -1.6174061298370361, 0.187420055270195, -0.10409724141032355
9466, 0.0013655388029292226, 0.0005029985914006829, 0.0058056325651705265, 0.001119058346375823, 0.0, 0.0, 0.0, 0.0, 0.0, 0.0, 0.0, 0.0, 0.0, 0.0, 0.0, 0.0, 0.0, 0.0, -0.03896859288215637, 338.0, 0.029998626559972763, 0.016929347068071365, 1.0019593238830566, 0.0, 0.0, -1.617438554763794, 0.1873340755701065, -0.10333919535269576
9486, 0.0013726677279919386, 0.0009071592940017581, 0.005628771148622036, 0.002963412320241332, 0.0, 0.0, 0.0, 0.0, 0.0, 0.0, 0.0, 0.0, 0.0, 0.0, 0.0, 0.0, 0.0, 0.0, -0.039961077272892, 338.0, 0.031195640563964844, 0.015445057302713394, 1.000325322151184, 0.0, 0.0, -1.617451786994934, 0.18732675909996033, -0.10345082258037672
9506, 0.0016205189749598503, 0.0005005942075513303, 0.006534201558679342, 0.0015716595808044076, 0.0, 0.0, 0.0, 0.0, 0.0, 0.0, 0.0, 0.0, 0.0, 0.0, 0.0, 0.0, 0.0, 0.0, -0.039035338908433914, 327.0, 0.026120981201529503, 0.01103117223829031, 0.99881511926651, 0.0, 0.0, -1.6174331903457642, 0.1873043328523636, -0.10358272061880092
9526, 0.0017511547775939107, 0.0005383449024520814, 0.006493865046650171, 0.0018464380409568548, 0.0, 0.0, 0.0, 0.0, 0.0, 0.0, 0.0, 0.0, 0.0, 0.0, 0.0, 0.0, 0.0, 0.0, -0.03831164538860321, 327.0, 0.02636275626718998, 0.011686957441270351, 1.000154972076416, 0.0, 0.0, -1.6174225807189941, 0.1873658001422882, -0.10416233490270083
9546, 0.0016707477625459433, 0.0005043119890615344, 0.005694447085261345, 0.0020548738539218903, 0.0, 0.0, 0.0, 0.0, 0.0, 0.0, 0.0, 0.0, 0.0, 0.0, 0.0, 0.0, 0.0, 0.0, -0.03614969551563263, 327.0, 0.026526348665356636, 0.007582260761409998, 1.0009044408798218, 0.0, 0.0, -1.6173102855682373, 0.18760913610458374, -0.10463604739100127
9566, 0.0009679379290901124, 0.0005039310781285167, 0.0024252471048384905, 0.0023928519804030657, 0.0, 0.0, 0.0, 0.0, 0.0, 0.0, 0.0, 0.0, 0.0, 0.0, 0.0, 0.0, 0.0, 0.0, -0.0382809191942215, 331.0, 0.026437103748321533, 0.006395971868187189, 0.9954639673233032, 0.0, 0.0, -1.6174770593643188, 0.1874692440032959, -0.10292516668204867
9586, 0.0009394596563652158, 0.00045623688492923975, 0.0019310653442516923, 0.002097076503559947, 0.0, 0.0, 0.0, 0.0, 0.0, 0.0, 0.0, 0.0, 0.0, 0.0, 0.0, 0.0, 0.0, 0.0, -0.03735755756497383, 331.0, 0.030326150357723236, 0.0013914881274104118, 1.0017725229263306, 0.0, 0.0, -1.6172986030578613, 0.18725557625293732, -0.10288594656389971
9606, 0.000979402451775968, 0.0004988992586731911, 0.0022154494654387236, 0.002078856574371457, 0.0, 0.0, 0.0, 0.0, 0.0, 0.0, 0.0, 0.0, 0.0, 0.0, 0.0, 0.0, 0.0, 0.0, -0.036515574902296066, 331.0, 0.03072245791554451, -0.002770913066342473, 0.9962930679321289, 0.0, 0.0, -1.6175761222839355, 0.18734920024871826, -0.10082325772912712
9626, 0.0013529667630791664, 0.00015382433775812387, 0.004386065062135458, -0.0003151316486764699, 0.0, 0.0, 0.0, 0.0, 0.0, 0.0, 0.0, 0.0, 0.0, 0.0, 0.0, 0.0, 0.0, 0.0, -0.035986606031656265, 324.0, 0.034212153404951096, 0.0016718260012567043, 0.9994331002235413, 0.0, 0.0, -1.6175105571746826, 0.18726839125156403, -0.10243067052263145
9646, 0.0012904253089800477, 0.0005017514922656119, 0.0046382169239223, 0.0007467998075298965, 0.0, 0.0, 0.0, 0.0, 0.0, 0.0, 0.0, 0.0, 0.0, 0.0, 0.0, 0.0, 0.0, 0.0, -0.037094466388225555, 324.0, 0.03598969429731369, 0.00018922741583082825, 0.9989294409751892, 0.0, 0.0, -1.6175053119659424, 0.18734702467918396, -0.10133261027596643
9666, 0.0009652323788031936, 0.0008412674069404602, 0.003439590334892273, 0.0020528030581772327, 0.0, 0.0, 0.0, 0.0, 0.0, 0.0, 0.0, 0.0, 0.0, 0.0, 0.0, 0.0, 0.0, 0.0, -0.036351628601551056, 324.0, 0.0337115079164505, 0.005205357912927866, 0.9981691241264343, 0.0, 0.0, -1.6174941062927246, 0.18734195828437805, -0.1018536215457332
9686, 0.0013565559638664126, 0.000856558617670089, 0.005066475830972195, 0.0023477168288081884, 0.0, 0.0, 0.0, 0.0, 0.0, 0.0, 0.0, 0.0, 0.0, 0.0, 0.0, 0.0, 0.0, 0.0, -0.0347512923181057, 330.0, 0.03259938955307007, 0.007402876857668161, 1.0030736923217773, 0.0, 0.0, -1.6176308393478394, 0.18735314905643463, -0.09991076881547019
9706, 0.001030172687023878, 0.0008556021493859589, 0.0033371031749993563, 0.0028382190503180027, 0.0, 0.0, 0.0, 0.0, 0.0, 0.0, 0.0, 0.0, 0.0, 0.0, 0.0, 0.0, 0.0, 0.0, -0.03608981892466545, 330.0, 0.03227425739169121, 0.005555200856178999, 1.0026719570159912, 0.0, 0.0, -1.6175626516342163, 0.18728967010974884, -0.09996655422545846
9726, 0.0014046892756596208, 0.0008715158328413963, 0.004869306925684214, 0.002665277337655425, 0.0, 0.0, 0.0, 0.0, 0.0, 0.0, 0.0, 0.0, 0.0, 0.0, 0.0, 0.0, 0.0, 0.0, -0.03537097945809364, 329.0, 0.02927040494978428, 0.008276399224996567, 1.001214623451233, 0.0, 0.0, -1.617406964302063, 0.18730206787586212, -0.10445373011440391
9746, 0.0014236309798434377, 0.00015095871640369296, 0.004820899106562138, -0.001219146535731852, 0.0, 0.0, 0.0, 0.0, 0.0, 0.0, 0.0, 0.0, 0.0, 0.0, 0.0, 0.0, 0.0, 0.0, -0.035683274269104004, 329.0, 0.029700543731451035, 0.0018008217448368669, 0.9986681938171387, 0.0, 0.0, -1.617514967918396, 0.1873486340045929, -0.10264192831730708
9766, 0.0014225348131731153, 0.0004726411134470254, 0.005477841943502426, -0.00052259600488469, 0.0, 0.0, 0.0, 0.0, 0.0, 0.0, 0.0, 0.0, 0.0, 0.0, 0.0, 0.0, 0.0, 0.0, -0.036422256380319595, 329.0, 0.030670957639813423, 0.009792939759790897, 0.9925615787506104, 0.0, 0.0, -1.6174254417419434, 0.18730829656124115, -0.10354972791534857
9786, 0.0010698070982471108, 0.0005143846501596272, 0.004273845814168453, -0.0005336510366760194, 0.0, 0.0, 0.0, 0.0, 0.0, 0.0, 0.0, 0.0, 0.0, 0.0, 0.0, 0.0, 0.0, 0.0, -0.03651869669556618, 331.0, 0.029080960899591446, 0.013424166478216648, 0.9944316148757935, 0.0, 0.0, -1.6176172494888306, 0.18741387128829956, -0.10161932322135914
9806, 0.0010126044508069754, 0.0005235083517618477, 0.00407188106328249, -0.00021802505943924189, 0.0, 0.0, 0.0, 0.0, 0.0, 0.0, 0.0, 0.0, 0.0, 0.0, 0.0, 0.0, 0.0, 0.0, -0.03607948124408722, 331.0, 0.025755083188414574, 0.012604785151779652, 0.9977173209190369, 0.0, 0.0, -1.6174349784851074, 0.1872912049293518, -0.10377969941676686
9826, 0.0016183472471311688, 0.0005059451796114445, 0.006557907909154892, 0.0005959256668575108, 0.0, 0.0, 0.0, 0.0, 0.0, 0.0, 0.0, 0.0, 0.0, 0.0, 0.0, 0.0, 0.0, 0.0, -0.03547324612736702, 331.0, 0.025036053732037544, 0.01584796980023384, 0.999335527420044, 0.0, 0.0, -1.6175950765609741, 0.18746799230575562, -0.10032035875441643
9846, 0.0009700038353912532, 0.00048418008373118937, 0.0030088096391409636, 0.0009775663493201137, 0.0, 0.0, 0.0, 0.0, 0.0, 0.0, 0.0, 0.0, 0.0, 0.0, 0.0, 0.0, 0.0, 0.0, -0.03438586741685867, 328.0, 0.027797358110547066, 0.008015474304556847, 1.0030616521835327, 0.0, 0.0, -1.6174856424331665, 0.18736231327056885, -0.10307617288367346
9866, 0.0012930287048220634, 0.0004884368390776217, 0.004474572371691465, 0.0010502402437850833, 0.0, 0.0, 0.0, 0.0, 0.0, 0.0, 0.0, 0.0, 0.0, 0.0, 0.0, 0.0, 0.0, 0.0, -0.03517421707510948, 328.0, 0.0303970780223608, -0.0010618949308991432, 0.9985991716384888, 0.0, 0.0, -1.6174061298370361, 0.18744882941246033, -0.10245440779011462
9886, 0.0010008399840444326, 0.00046367134200409055, 0.0035282904282212257, 0.00018980464665219188, 0.0, 0.0, 0.0, 0.0, 0.0, 0.0, 0.0, 0.0, 0.0, 0.0, 0.0, 0.0, 0.0, 0.0, -0.03439038246870041, 328.0, 0.0330975279211998, -0.002354880329221487, 1.0007190704345703, 0.0, 0.0, -1.6174023151397705, 0.18732944130897522, -0.10407008818563389
9906, 0.0013307930203154683, 0.0007293631788343191, 0.005777451675385237, 0.0016131362644955516, 0.0, 0.0, 0.0, 0.0, 0.0, 0.0, 0.0, 0.0, 0.0, 0.0, 0.0, 0.0, 0.0, 0.0, -0.03641754388809204, 329.0, 0.03451531380414963, -0.002258994849398732, 1.0019705295562744, 0.0, 0.0, -1.6174402236938477, 0.18729639053344727, -0.10349243622836705
9926, 0.0010517047485336661, 0.0006842327420599759, 0.004511239007115364, 0.0019333533709868789, 0.0, 0.0, 0.0, 0.0, 0.0, 0.0, 0.0, 0.0, 0.0, 0.0, 0.0, 0.0, 0.0, 0.0, -0.0385085865855217, 329.0, 0.029604218900203705, 0.00014122907305136323, 1.0042170286178589, 0.0, 0.0, -1.617485761642456, 0.18717797100543976, -0.10379579996452822
9946, 0.0013040098128840327, 0.0003628266276791692, 0.005437365733087063, 0.0006895099650137126, 0.0, 0.0, 0.0, 0.0, 0.0, 0.0, 0.0, 0.0, 0.0, 0.0, 0.0, 0.0, 0.0, 0.0, -0.0388558991253376, 329.0, 0.027326295152306557, 0.0011188739445060492, 1.0078401565551758, 0.0, 0.0, -1.6174252033233643, 0.18738356232643127, -0.10135422861775356
9966, 0.0012566705700010061, 0.00036746080149896443, 0.004848761484026909, 0.0008768242551013827, 0.0, 0.0, 0.0, 0.0, 0.0, 0.0, 0.0, 0.0, 0.0, 0.0, 0.0, 0.0, 0.0, 0.0, -0.039513420313596725, 326.0, 0.029753616079688072, 0.0065332152880728245, 1.005493402481079, 0.0, 0.0, -1.6175841093063354, 0.1872967928647995, -0.0994764612400756
9986, 0.0012038396671414375, 9.206163667840883e-05, 0.004197988659143448, -0.00022443447960540652, 0.0, 0.0, 0.0, 0.0, 0.0, 0.0, 0.0, 0.0, 0.0, 0.0, 0.0, 0.0, 0.0, 0.0, -0.0391865074634552, 326.0, 0.025365428999066353, 0.009300705045461655, 0.9986313581466675, 0.0, 0.0, -1.6171762943267822, 0.187345951795578, -0.10430102757943342
10006, 0.001230616238899529, 0.00036142210592515767, 0.003926034085452557, 0.00026816478930413723, 0.0, 0.0, 0.0, 0.0, 0.0, 0.0, 0.0, 0.0, 0.0, 0.0, 0.0, 0.0, 0.0, 0.0, -0.03873313590884209, 326.0, 0.028786642476916313, 0.009616379626095295, 0.9992159008979797, 0.0, 0.0, -1.6172990798950195, 0.18733835220336914, -0.10591061278707556
10026, 0.000944910105317831, 0.00036777331843040884, 0.0026896584313362837, 0.00022973958402872086, 0.0, 0.0, 0.0, 0.0, 0.0, 0.0, 0.0, 0.0, 0.0, 0.0, 0.0, 0.0, 0.0, 0.0, -0.03902561590075493, 332.0, 0.02810540981590748, 0.012575959786772728, 0.9941242337226868, 0.0, 0.0, -1.6172308921813965, 0.1873561590909958, -0.10187443940463087
10046, 0.0009289253503084183, 0.0003678234061226249, 0.003162283217534423, -0.0002331074356334284, 125939.1796875, 156559.453125, 92472.1015625, 114664.5859375, 140553.953125, 98299.9453125, 0.0, 0.0, 0.0, 0.0, 0.0, 0.0, 0.0, 0.0, -0.038589783012866974, 332.0, 0.0290510430932045, 0.01264530885964632, 0.9953809976577759, 0.0, 0.0, -1.61729097366333, 0.1874866485595703, -0.10456968875217738
10066, 0.0009969923412427306, 0.0003646690456662327, 0.003506109584122896, -0.000365973828593269, 126055.3984375, 156569.078125, 92534.375, 114756.21875, 140653.359375, 98351.6328125, 0.0, 0.0, 0.0, 0.0, 0.0, 0.0, 0.0, 0.0, -0.03952573984861374, 330.0, 0.027647245675325394, 0.010133462958037853, 0.9947958588600159, 0.0, 0.0, -1.6172707080841064, 0.18725435435771942, -0.10346359712929527
10086, 0.0015823319554328918, 0.00029818477923981845, 0.0007429209072142839, -0.0017615919932723045, 126156.078125, 156578.703125, 92601.8046875, 114834.8203125, 140740.140625, 98407.1328125, 0.0, 0.0, 0.0, 0.0, 0.0, 0.0, 0.0, 0.0, -0.04073866829276085, 330.0, 0.024873731657862663, 0.004880773834884167, 1.0330243110656738, 0.0, 0.0, -1.6174209117889404, 0.1872386485338211, -0.10376023278718849
10106, 0.0013329924549907446, -0.00047332028043456376, -0.0061747729778289795, -0.006701902020722628, 126240.9375, 156588.34375, 92670.46875, 114900.3984375, 140818.328125, 98447.4453125, 0.0, 0.0, 0.0, 0.0, 0.0, 0.0, 0.0, 0.0, -0.05011454224586487, 330.0, -0.015937555581331253, -0.00445675989612937, 1.078009009361267, 0.0, 0.0, -1.617300271987915, 0.1872551441192627, -0.10501376491524704
10126, -0.006263392511755228, 0.0025427420623600483, -0.05078014358878136, 0.00815602671355009, 126320.7109375, 156594.125, 92733.6171875, 114942.328125, 140866.921875, 98481.9296875, 0.0, 0.0, 0.0, 0.0, 0.0, 0.0, 0.0, 0.0, -0.0823054164648056, 336.0, 0.05899721384048462, -0.005782097112387419, 1.1592698097229004, 0.0, 0.0, -1.6172990798950195, 0.18716749548912048, -0.10295123852051467
10146, -0.004440914839506149, -0.0037278281524777412, -0.04545643925666809, -0.025546200573444366, 126361.0703125, 156597.96875, 92823.2734375, 114990.640625, 140907.921875, 98522.0078125, 0.0, 0.0, 0.0, 0.0, 0.0, 0.0, 0.0, 0.0, -0.07974790781736374, 336.0, 0.04486210644245148, 0.01376869436353445, 1.1897461414337158, 0.0, 0.0, -1.6174414157867432, 0.18738016486167908, -0.1024851015835086
10166, -0.0063059027306735516, -0.004406524822115898, -0.058898311108350754, -0.027492303401231766, 126413.859375, 156599.90625, 92890.0546875, 115010.0859375, 140935.515625, 98526.8203125, 0.0, 0.0, 0.0, 0.0, 0.0, 0.0, 0.0, 0.0, -0.06778435409069061, 336.0, 0.04531794413924217, 0.014900450594723225, 1.2993260622024536, 0.0, 0.0, -1.6173171997070312, 0.18725384771823883, -0.09941315415552289
10186, -0.006454337853938341, -0.009934596717357635, -0.05771756172180176, -0.053522396832704544, 126460.9140625, 156603.75, 92933.140625, 115051.9375, 140973.234375, 98557.7734375, 0.0, 0.0, 0.0, 0.0, 0.0, 0.0, 0.0, 0.0, -0.08449625968933105, 406.0, 0.05315294861793518, -0.0036930926144123077, 1.3155204057693481, 0.0, 0.0, -1.6173454523086548, 0.18733766674995422, -0.10074383748745229
10206, -0.0038716101553291082, -0.01270317193120718, -0.03567004203796387, -0.06272029131650925, 126501.9375, 156609.53125, 92989.6875, 115097.421875, 141004.625, 98585.1796875, 0.0, 0.0, 0.0, 0.0, 0.0, 0.0, 0.0, 0.0, -0.046642154455184937, 406.0, 0.061556290835142136, 0.004871652461588383, 1.2577848434448242, 0.0, 0.0, -1.6168071031570435, 0.1876542717218399, -0.09921757762834951
10226, -0.0021090630907565355, -0.018157444894313812, -0.011956404894590378, -0.0857490748167038, 126532.4765625, 156615.3125, 93013.8046875, 115112.6640625, 141035.515625, 98600.1484375, 0.0, 0.0, 0.0, 0.0, 0.0, 0.0, 0.0, 0.0, -0.02711387723684311, 406.0, 0.044420577585697174, 0.007829251699149609, 1.2213016748428345, 0.0, 0.0, -1.6168270111083984, 0.18839305639266968, -0.09488445017703494
10246, -0.0021893735975027084, -0.022749871015548706, 0.004956911318004131, -0.10223883390426636, 126561.7265625, 156615.3125, 93065.6328125, 115142.2421875, 141066.921875, 98621.71875, 0.0, 0.0, 0.0, 0.0, 0.0, 0.0, 0.0, 0.0, -0.02774904854595661, 372.0, 0.039060428738594055, 0.008920992724597454, 1.2250866889953613, 0.0, 0.0, -1.6167161464691162, 0.18960510194301605, -0.0960782051927667
10266, -0.008089443668723106, -0.020127849653363228, -0.007702960632741451, -0.0753612369298935, 126589.1015625, 156613.390625, 93096.890625, 115145.875, 141093.75, 98644.5625, 0.0, 0.0, 0.0, 0.0, 0.0, 0.0, 0.0, 0.0, -0.05860935524106026, 372.0, 0.03222544118762016, 0.015966568142175674, 1.144398808479309, 0.0, 0.0, -1.615970492362976, 0.19169113039970398, -0.09543794268294829
10286, -0.0022903105709701777, -0.022153060883283615, 0.04670926555991173, -0.07570156455039978, 126609.4453125, 156619.171875, 93128.9453125, 115153.15625, 141115.53125, 98662.078125, 0.0, 0.0, 0.0, 0.0, 0.0, 0.0, 0.0, 0.0, -0.10084846615791321, 372.0, 0.01656433381140232, 0.0072373924776911736, 1.0514662265777588, 0.0, 0.0, -1.6157194375991821, 0.19386816024780273, -0.09342867166418184
10306, -0.0033518970012664795, -0.02622310072183609, 0.05792209133505821, -0.08820948004722595, 126641.578125, 156624.953125, 93147.546875, 115176.25, 141151.5, 98676.2890625, 0.0, 0.0, 0.0, 0.0, 0.0, 0.0, 0.0, 0.0, -0.15709318220615387, 358.0, 0.007476380094885826, 0.0019973290618509054, 1.0011374950408936, 0.0, 0.0, -1.6150453090667725, 0.19710859656333923, -0.09273945068847603
10326, -0.0015153917483985424, -0.025629356503486633, 0.08453366905450821, -0.0726703479886055, 126661.6328125, 156624.953125, 93190.3046875, 115189.2265625, 141165.171875, 98694.3203125, 0.0, 0.0, 0.0, 0.0, 0.0, 0.0, 0.0, 0.0, -0.18536068499088287, 358.0, 0.0036350085865706205, 0.003466075984761119, 0.9573618173599243, 0.0, 0.0, -1.6142491102218628, 0.19972527027130127, -0.0974217850493144
10346, -0.0005342875956557691, -0.025134820491075516, 0.10362817347049713, -0.057877179235219955, 126677.2265625, 156626.890625, 93190.703125, 115203.671875, 141186.953125, 98707.78125, 0.0, 0.0, 0.0, 0.0, 0.0, 0.0, 0.0, 0.0, -0.3116403818130493, 358.0, 0.006168467923998833, 0.004224734380841255, 0.9355349540710449, 0.0, 0.0, -1.6135289669036865, 0.20407679677009583, -0.09597143996182504
10366, 0.0026733241975307465, -0.025915643200278282, 0.13185323774814606, -0.05199917405843735, 126715.40625, 156628.8125, 93217.6328125, 115225.40625, 141206.96875, 98726.8203125, 0.0, 0.0, 0.0, 0.0, 0.0, 0.0, 0.0, 0.0, -0.4078947901725769, 438.0, 0.0017530020559206605, 0.0009282804094254971, 0.9145202040672302, 0.0, 0.0, -1.6122910976409912, 0.20917148888111115, -0.0980671530195902
10386, 0.006732162553817034, -0.025463271886110306, 0.15972349047660828, -0.03818582370877266, 126727.8359375, 156630.75, 93219.609375, 115248.3984375, 141211.515625, 98738.25, 0.0, 0.0, 0.0, 0.0, 0.0, 0.0, 0.0, 0.0, -0.5626319050788879, 438.0, 0.0016393495025113225, -0.0036703518126159906, 0.9077656269073486, 0.0, 0.0, -1.611635446548462, 0.21311375498771667, -0.10120574672970789
10406, 0.011312626302242279, -0.02307029440999031, 0.18619316816329956, -0.015918070450425148, 126758.3984375, 156630.75, 93241.390625, 115272.984375, 141233.3125, 98750.953125, 0.0, 0.0, 0.0, 0.0, 0.0, 0.0, 0.0, 0.0, -0.715907633304596, 438.0, -0.001543755060993135, -0.004955274052917957, 0.8729562759399414, 0.0, 0.0, -1.610329031944275, 0.21880243718624115, -0.09850284512511882
10426, 0.015818724408745766, -0.02205578237771988, 0.2063748687505722, -0.003730718046426773, 126776.5234375, 156634.59375, 93250.5, 115299.7265625, 141242.921875, 98751.7109375, 0.0, 0.0, 0.0, 0.0, 0.0, 0.0, 0.0, 0.0, -0.8501365184783936, 32766.0, 0.0012831272324547172, -0.0027977849822491407, 0.8530819416046143, 0.0, 0.0, -1.6093508005142212, 0.22339534759521484, -0.10047711405597187
10446, 0.02039927989244461, -0.020714830607175827, 0.22220049798488617, 0.009082993492484093, 126789.25, 156630.75, 93264.765625, 115317.03125, 141257.875, 98767.203125, 0.0, 0.0, 0.0, 0.0, 0.0, 0.0, 0.0, 0.0, -0.8972980380058289, 32766.0, 0.009059532545506954, -0.00014782568905502558, 0.8544045090675354, 0.0, 0.0, -1.6076643466949463, 0.2297201156616211, -0.10311371877554053
10466, 0.024803023785352707, -0.01911238767206669, 0.23272210359573364, 0.021614473313093185, 126812.1875, 156636.53125, 93273.4765625, 115326.484375, 141269.765625, 98775.328125, 0.0, 0.0, 0.0, 0.0, 0.0, 0.0, 0.0, 0.0, -0.9785317182540894, 890.0, 0.007681400515139103, -0.003505630884319544, 0.8465227484703064, 0.0, 0.0, -1.6060296297073364, 0.23623844981193542, -0.10484365025053749
10486, 0.02951139770448208, -0.017063403502106667, 0.24088028073310852, 0.03477231040596962, 126813.7734375, 156638.453125, 93295.265625, 115329.328125, 141284.234375, 98786.7578125, 0.0, 0.0, 0.0, 0.0, 0.0, 0.0, 0.0, 0.0, -1.065484881401062, 890.0, 0.0019689276814460754, 0.000647215754725039, 0.8709336519241333, 0.0, 0.0, -1.6048319339752197, 0.2413862645626068, -0.10604178908122885
10506, 0.03464185819029808, -0.015173770487308502, 0.2486112415790558, 0.04529918357729912, 126830.3125, 156632.671875, 93308.34375, 115322.953125, 141289.28125, 98799.46875, 0.0, 0.0, 0.0, 0.0, 0.0, 0.0, 0.0, 0.0, -1.1172430515289307, 890.0, -0.0007996296626515687, -0.0008258670568466187, 0.8725565075874329, 0.0, 0.0, -1.6030323505401611, 0.2481931895017624, -0.10455902740814427
10526, 0.03984211012721062, -0.013908726163208485, 0.2541049122810364, 0.0509716235101223, 126831.6015625, 156640.390625, 93316.265625, 115330.125, 141295.625, 98800.2265625, 0.0, 0.0, 0.0, 0.0, 0.0, 0.0, 0.0, 0.0, -1.1082991361618042, 910.0, 0.0038924922700971365, -0.006547113414853811, 0.889907956123352, 0.0, 0.0, -1.6015256643295288, 0.2533915042877197, -0.10644646600359284
10546, 0.04503713175654411, -0.01220901682972908, 0.2574552297592163, 0.05777159705758095, 126851.9609375, 156638.453125, 93329.34375, 115336.6171875, 141305.234375, 98808.3515625, 0.0, 0.0, 0.0, 0.0, 0.0, 0.0, 0.0, 0.0, -1.0935324430465698, 910.0, -0.0010066929971799254, -0.0028953810688108206, 0.892822265625, 0.0, 0.0, -1.5993928909301758, 0.26008376479148865, -0.10492807853565929
10566, 0.05175594612956047, -0.009663086384534836, 0.2684718370437622, 0.06764000654220581, 126857.7109375, 156638.453125, 93342.0234375, 115345.265625, 141307.515625, 98814.96875, 0.0, 0.0, 0.0, 0.0, 0.0, 0.0, 0.0, 0.0, -1.110904335975647, 910.0, 0.0004819795722141862, -0.0030128767248243093, 0.9256965517997742, 0.0, 0.0, -1.597477912902832, 0.2669757306575775, -0.1060267443288635
10586, 0.05708113685250282, -0.0076057519763708115, 0.26879239082336426, 0.07309674471616745, 126881.59375, 156636.53125, 93341.6328125, 115352.5546875, 141327.53125, 98822.578125, 0.0, 0.0, 0.0, 0.0, 0.0, 0.0, 0.0, 0.0, -1.1146916151046753, 909.0, -0.0026801556814461946, 0.0001765466295182705, 0.9395594596862793, 0.0, 0.0, -1.595855474472046, 0.2721734344959259, -0.1062450493001979
10606, 0.06319011747837067, -0.00510789267718792, 0.270346462726593, 0.07965221256017685, 126885.40625, 156638.453125, 93357.875, 115356.765625, 141326.53125, 98828.671875, 0.0, 0.0, 0.0, 0.0, 0.0, 0.0, 0.0, 0.0, -1.0917388200759888, 909.0, -0.0013036212185397744, 0.0006512805121019483, 0.9786922335624695, 0.0, 0.0, -1.5936284065246582, 0.279008686542511, -0.10691726283000098
10626, 0.06818537414073944, -0.002688976237550378, 0.2652437388896942, 0.0847867876291275, 126909.9296875, 156642.3125, 93350.7421875, 115382.84375, 141331.59375, 98831.9765625, 0.0, 0.0, 0.0, 0.0, 0.0, 0.0, 0.0, 0.0, -1.1338715553283691, 909.0, -0.0015101205790415406, 0.0006626793765462935, 0.9840206503868103, 0.0, 0.0, -1.592157244682312, 0.28386256098747253, -0.10910711400539747
10646, 0.07319989800453186, -0.000431081309216097, 0.2591305375099182, 0.08771711587905884, 126921.078125, 156642.3125, 93376.5078125, 115392.1796875, 141336.15625, 98844.6875, 0.0, 0.0, 0.0, 0.0, 0.0, 0.0, 0.0, 0.0, -1.1680521965026855, 904.0, -0.0028266175650060177, 0.005440286360681057, 1.0020697116851807, 0.0, 0.0, -1.590011715888977, 0.2904038429260254, -0.10758440211144901
10666, 0.078319251537323, 0.00212848256342113, 0.25190937519073486, 0.09088592231273651, 126915.03125, 156642.3125, 93384.0390625, 115397.984375, 141348.828125, 98849.515625, 0.0, 0.0, 0.0, 0.0, 0.0, 0.0, 0.0, 0.0, -1.1976102590560913, 904.0, -0.0005525881424546242, -0.002186374505981803, 1.011757254600525, 0.0, 0.0, -1.5879955291748047, 0.2965097427368164, -0.10612649032865534
10686, 0.08392462134361267, 0.003696748288348317, 0.2467067688703537, 0.08760774880647659, 126921.078125, 156646.171875, 93387.609375, 115402.9921875, 141352.109375, 98851.546875, 0.0, 0.0, 0.0, 0.0, 0.0, 0.0, 0.0, 0.0, -1.2068287134170532, 904.0, -0.0028346062172204256, -0.005349516402930021, 1.018845558166504, 0.0, 0.0, -1.586381196975708, 0.3010522425174713, -0.10655280485919774
10706, 0.0886993259191513, 0.004971962422132492, 0.23762968182563782, 0.08291314542293549, 126934.4609375, 156642.3125, 93387.2109375, 115400.1484375, 141362.5, 98859.671875, 0.0, 0.0, 0.0, 0.0, 0.0, 0.0, 0.0, 0.0, -1.1827330589294434, 885.0, -0.0037395127583295107, 0.001989007694646716, 1.0224353075027466, 0.0, 0.0, -1.584155559539795, 0.30658257007598877, -0.10586469374631924
10726, 0.0945725291967392, 0.007802444044500589, 0.23355060815811157, 0.08596739917993546, 126942.09375, 156644.234375, 93392.3671875, 115399.46875, 141356.671875, 98871.109375, 0.0, 0.0, 0.0, 0.0, 0.0, 0.0, 0.0, 0.0, -1.1674772500991821, 885.0, -0.0012762125115841627, -4.052095391671173e-05, 1.0399278402328491, 0.0, 0.0, -1.5829893350601196, 0.3107675611972809, -0.10798574649818579
10746, 0.09913711994886398, 0.00934972707182169, 0.22297964990139008, 0.0818275734782219, 126945.90625, 156644.234375, 93407.03125, 115406.7578125, 141369.34375, 98870.59375, 0.0, 0.0, 0.0, 0.0, 0.0, 0.0, 0.0, 0.0, -1.1522636413574219, 885.0, -0.000444652367150411, -0.0038155345246195793, 1.0348762273788452, 0.0, 0.0, -1.5811264514923096, 0.3160320222377777, -0.10451243710602122
10766, 0.10339263826608658, 0.01077471673488617, 0.21163006126880646, 0.07687271386384964, 126947.1953125, 156646.171875, 93416.9453125, 115407.3203125, 141371.625, 98883.3046875, 0.0, 0.0, 0.0, 0.0, 0.0, 0.0, 0.0, 0.0, -1.1308379173278809, 898.0, 0.003479454666376114, -0.0007057483890093863, 1.027500867843628, 0.0, 0.0, -1.579357385635376, 0.32094424962997437, -0.10577893394982658
10786, 0.10779014229774475, 0.012294476851820946, 0.20197437703609467, 0.07245109975337982, 126964.390625, 156644.234375, 93411.0, 115416.09375, 141377.96875, 98890.6796875, 0.0, 0.0, 0.0, 0.0, 0.0, 0.0, 0.0, 0.0, -1.1058610677719116, 898.0, 0.002819204004481435, 6.399056292138994e-05, 1.0108575820922852, 0.0, 0.0, -1.578014850616455, 0.3243265748023987, -0.10766647095676977
10806, 0.11131873726844788, 0.013736432418227196, 0.18897894024848938, 0.06787993758916855, 126973.3046875, 156644.234375, 93414.9609375, 115415.4140625, 141383.015625, 98886.6171875, 0.0, 0.0, 0.0, 0.0, 0.0, 0.0, 0.0, 0.0, -1.0752646923065186, 881.0, 0.0008887034491635859, 0.0021678463090211153, 1.0150806903839111, 0.0, 0.0, -1.576701283454895, 0.3285074830055237, -0.10331114267986201
10826, 0.11507989466190338, 0.014990266412496567, 0.17767803370952606, 0.06269817799329758, 126977.765625, 156644.234375, 93426.0625, 115431.2421875, 141385.796875, 98887.890625, 0.0, 0.0, 0.0, 0.0, 0.0, 0.0, 0.0, 0.0, -1.0419436693191528, 881.0, -0.0035944366827607155, 0.0034338897094130516, 1.0359210968017578, 0.0, 0.0, -1.5753144025802612, 0.3315288722515106, -0.10605202908968388
10846, 0.11832983046770096, 0.016563991084694862, 0.16461683809757233, 0.0594530887901783, 126987.6328125, 156650.03125, 93425.2734375, 115447.1875, 141389.359375, 98900.0859375, 0.0, 0.0, 0.0, 0.0, 0.0, 0.0, 0.0, 0.0, -1.0385226011276245, 881.0, -0.003198387799784541, 0.0012132952688261867, 1.0268253087997437, 0.0, 0.0, -1.5742404460906982, 0.3354385495185852, -0.10309464346236256
10866, 0.12139075994491577, 0.017445171251893044, 0.15175580978393555, 0.05343819409608841, 126991.1484375, 156648.09375, 93433.203125, 115444.2265625, 141387.078125, 98897.5390625, 0.0, 0.0, 0.0, 0.0, 0.0, 0.0, 0.0, 0.0, -1.048568606376648, 863.0, 0.004435863345861435, 0.002898209495469928, 1.0109001398086548, 0.0, 0.0, -1.5730681419372559, 0.33858856558799744, -0.10456553156531663
10886, 0.1251373291015625, 0.01853371039032936, 0.1430305689573288, 0.04876328259706497, 126997.8359375, 156644.234375, 93432.015625, 115449.234375, 141396.203125, 98901.6015625, 0.0, 0.0, 0.0, 0.0, 0.0, 0.0, 0.0, 0.0, -1.0318329334259033, 863.0, -0.0006519295275211334, 0.0008790107094682753, 1.0040087699890137, 0.0, 0.0, -1.5722486972808838, 0.34098803997039795, -0.1026484756112719
10906, 0.12750349938869476, 0.01981511525809765, 0.1290012001991272, 0.045631177723407745, 126999.4296875, 156648.09375, 93438.75, 115456.5234375, 141387.078125, 98902.8828125, 0.0, 0.0, 0.0, 0.0, 0.0, 0.0, 0.0, 0.0, -1.0168267488479614, 863.0, 0.006970181129872799, -0.0019174010958522558, 0.9914949536323547, 0.0, 0.0, -1.5712223052978516, 0.34364980459213257, -0.10304859320071635
10926, 0.12984243035316467, 0.020436109974980354, 0.11591924726963043, 0.040110066533088684, 127004.828125, 156651.953125, 93446.6796875, 115458.6875, 141396.203125, 98917.109375, 0.0, 0.0, 0.0, 0.0, 0.0, 0.0, 0.0, 0.0, -0.9889652132987976, 862.0, 0.0029144547879695892, -0.00027628106181509793, 0.9927579760551453, 0.0, 0.0, -1.5702829360961914, 0.3454742729663849, -0.10464740886173894
10946, 0.13200652599334717, 0.021157044917345047, 0.10329005122184753, 0.03538815677165985, 127009.9375, 156646.171875, 93434.390625, 115455.0390625, 141395.703125, 98922.453125, 0.0, 0.0, 0.0, 0.0, 0.0, 0.0, 0.0, 0.0, -0.947291910648346, 862.0, 0.003469302086159587, 0.00032980245305225253, 1.0086830854415894, 0.0, 0.0, -1.5693296194076538, 0.34769681096076965, -0.1011935465490927
10966, 0.1348251849412918, 0.021807411685585976, 0.09506510943174362, 0.03080746904015541, 127020.140625, 156650.03125, 93439.1484375, 115457.3203125, 141406.609375, 98921.1796875, 0.0, 0.0, 0.0, 0.0, 0.0, 0.0, 0.0, 0.0, -0.9156443476676941, 862.0, 0.005603664554655552, 0.0013073498848825693, 1.0011709928512573, 0.0, 0.0, -1.568910002708435, 0.34885507822036743, -0.10122892267680524
10986, 0.13613209128379822, 0.022328166291117668, 0.08166436105966568, 0.026139715686440468, 127024.2578125, 156651.953125, 93456.203125, 115468.828125, 141402.546875, 98918.3828125, 0.0, 0.0, 0.0, 0.0, 0.0, 0.0, 0.0, 0.0, -0.889543890953064, 844.0, 0.005265876650810242, -0.00190594547893852, 1.0104143619537354, 0.0, 0.0, -1.5682828426361084, 0.3504846692085266, -0.09815394908316463
11006, 0.13721226155757904, 0.02278594858944416, 0.06829274445772171, 0.02146577090024948, 127030.0078125, 156651.953125, 93462.9453125, 115460.171875, 141408.890625, 98928.5546875, 0.0, 0.0, 0.0, 0.0, 0.0, 0.0, 0.0, 0.0, -0.863624632358551, 844.0, 0.012531014159321785, 0.0014278371818363667, 0.9860161542892456, 0.0, 0.0, -1.5678579807281494, 0.3517548441886902, -0.09807024965535768
11026, 0.13866421580314636, 0.023014122620224953, 0.05908416211605072, 0.016767418012022972, 127026.828125, 156650.03125, 93458.9765625, 115463.8125, 141404.828125, 98930.0625, 0.0, 0.0, 0.0, 0.0, 0.0, 0.0, 0.0, 0.0, -0.8311123847961426, 846.0, 0.010035503655672073, 0.0021347657311707735, 0.9832493662834167, 0.0, 0.0, -1.5674535036087036, 0.3525846004486084, -0.09940527117488888
11046, 0.13965687155723572, 0.02358291856944561, 0.04920438677072525, 0.013832482509315014, 127035.4140625, 156651.953125, 93459.375, 115460.8515625, 141412.953125, 98926.515625, 0.0, 0.0, 0.0, 0.0, 0.0, 0.0, 0.0, 0.0, -0.823615312576294, 846.0, 0.004799800459295511, -0.00170212984085083, 0.9930747747421265, 0.0, 0.0, -1.5670820474624634, 0.35334861278533936, -0.09904725468756148
11066, 0.14047306776046753, 0.02436470240354538, 0.03969542309641838, 0.012248903512954712, 127040.515625, 156651.953125, 93459.375, 115473.953125, 141411.15625, 98933.375, 0.0, 0.0, 0.0, 0.0, 0.0, 0.0, 0.0, 0.0, -0.8159325122833252, 846.0, 0.00598410377278924, 0.0019852558616548777, 1.0053131580352783, 0.0, 0.0, -1.5665900707244873, 0.3537236750125885, -0.1025726238331277
11086, 0.14003127813339233, 0.024667205289006233, 0.026355085894465446, 0.009102950803935528, 127044.9765625, 156651.953125, 93466.90625, 115475.3203125, 141422.0625, 98937.4453125, 0.0, 0.0, 0.0, 0.0, 0.0, 0.0, 0.0, 0.0, -0.7992270588874817, 837.0, 0.0003590936539694667, 0.007154946681112051, 1.0107523202896118, 0.0, 0.0, -1.5661418437957764, 0.3539223372936249, -0.09995896912563987
11106, 0.14048223197460175, 0.024839015677571297, 0.018193380907177925, 0.00608476996421814, 127051.6640625, 156651.953125, 93472.859375, 115486.8203125, 141421.5625, 98938.71875, 0.0, 0.0, 0.0, 0.0, 0.0, 0.0, 0.0, 0.0, -0.7824497818946838, 837.0, 0.005720430053770542, 0.00042822735849767923, 1.0063843727111816, 0.0, 0.0, -1.5659242868423462, 0.35394006967544556, -0.09735322767952004
11126, 0.14020107686519623, 0.025273172184824944, 0.008584991097450256, 0.0044732773676514626, 127053.2578125, 156653.890625, 93478.015625, 115491.953125, 141416.71875, 98944.0625, 0.0, 0.0, 0.0, 0.0, 0.0, 0.0, 0.0, 0.0, -0.7448252439498901, 837.0, 0.006535455118864775, 0.002613959601148963, 0.9855595231056213, 0.0, 0.0, -1.5657753944396973, 0.3538365364074707, -0.10048614154428964
11146, 0.14747200906276703, 0.019719649106264114, 0.02834477461874485, -0.01851760223507881, 127058.359375, 156653.890625, 93474.046875, 115493.4296875, 141424.34375, 98948.125, 0.0, 0.0, 0.0, 0.0, 0.0, 0.0, 0.0, 0.0, -0.823360800743103, 837.0, 0.011872734874486923, 0.004773949272930622, 0.9769313335418701, 0.0, 0.0, -1.565793752670288, 0.3536912202835083, -0.09947056855381196
11166, 0.14727619290351868, 0.01930849812924862, 0.020066574215888977, -0.021535292267799377, 127055.484375, 156651.953125, 93472.0625, 115491.1484375, 141426.625, 98950.1640625, 0.0, 0.0, 0.0, 0.0, 0.0, 0.0, 0.0, 0.0, -0.804547905921936, 837.0, 0.004445557948201895, 0.0026764359790831804, 0.9945189952850342, 0.0, 0.0, -1.5654622316360474, 0.3531765937805176, -0.10008698602818868
11186, 0.14701108634471893, 0.018979156389832497, 0.012748687528073788, -0.023704413324594498, 127062.8203125, 156655.8125, 93480.7890625, 115492.6328125, 141424.84375, 98952.953125, 0.0, 0.0, 0.0, 0.0, 0.0, 0.0, 0.0, 0.0, -0.779410183429718, 837.0, 0.008289792574942112, 0.010027979500591755, 0.9976743459701538, 0.0, 0.0, -1.5655896663665771, 0.3529367744922638, -0.09801023068411362
11206, 0.14637690782546997, 0.018995516002178192, 0.005091091152280569, -0.02397245354950428, 127076.203125, 156655.8125, 93470.0859375, 115500.609375, 141428.90625, 98954.2265625, 0.0, 0.0, 0.0, 0.0, 0.0, 0.0, 0.0, 0.0, -0.7538765072822571, 832.0, 0.007119467947632074, 0.007872547954320908, 0.9919074773788452, 0.0, 0.0, -1.5658320188522339, 0.35221174359321594, -0.09740577933199097
11226, 0.1451934427022934, 0.01863163523375988, -0.0034513429272919893, -0.02509758435189724, 127073.328125, 156655.8125, 93480.7890625, 115495.59375, 141420.28125, 98956.2578125, 0.0, 0.0, 0.0, 0.0, 0.0, 0.0, 0.0, 0.0, -0.7393490076065063, 832.0, 0.0056991539895534515, 0.0007474212907254696, 0.9843948483467102, 0.0, 0.0, -1.5656969547271729, 0.3515344560146332, -0.0985574891555033
11246, 0.14340344071388245, 0.018252799287438393, -0.013179760426282883, -0.025738775730133057, 127076.203125, 156653.890625, 93485.15625, 115499.921875, 141428.90625, 98965.1484375, 0.0, 0.0, 0.0, 0.0, 0.0, 0.0, 0.0, 0.0, -0.7325483560562134, 832.0, 0.009155066683888435, 0.00949107576161623, 0.9813752174377441, 0.0, 0.0, -1.565461277961731, 0.3506603240966797, -0.09736261455599272
11266, 0.14235320687294006, 0.01791306585073471, -0.019469227641820908, -0.025831161066889763, 127076.203125, 156653.890625, 93477.2265625, 115491.265625, 141428.40625, 98961.6015625, 0.0, 0.0, 0.0, 0.0, 0.0, 0.0, 0.0, 0.0, -0.7431930899620056, 846.0, 0.008153797127306461